2025-01-29 14:37:48.442 [info] [main] Log level: Info
2025-01-29 14:37:48.442 [info] [main] Validating found git in: "git"
2025-01-29 14:37:48.442 [info] [main] Using git "2.30.2" from "git"
2025-01-29 14:37:48.442 [info] [Model][doInitialScan] Initial repository scan started
2025-01-29 14:37:48.442 [info] > git rev-parse --show-toplevel [116ms]
2025-01-29 14:37:48.442 [info] > git rev-parse --git-dir --git-common-dir [54ms]
2025-01-29 14:37:48.442 [info] [Model][openRepository] Opened repository: /home/debian
2025-01-29 14:37:48.597 [info] > git rev-parse --show-toplevel [335ms]
2025-01-29 14:37:48.614 [info] [Model][doInitialScan] Initial repository scan completed - repositories (1), closed repositories (0), parent repositories (0), unsafe repositories (0)
2025-01-29 14:37:48.648 [info] > git config --get commit.template [367ms]
2025-01-29 14:37:48.648 [info] > git fetch [491ms]
2025-01-29 14:37:48.931 [info] [Git][getRemotes] No remotes found in the git config file
2025-01-29 14:37:49.867 [info] > git show --textconv :serverweb/server.js [894ms]
2025-01-29 14:37:49.868 [info] > git config --get commit.template [1173ms]
2025-01-29 14:37:52.315 [info] > git ls-files --stage -- /home/debian/serverweb/server.js [3328ms]
2025-01-29 14:37:52.326 [info] > git for-each-ref --format=%(refname)%00%(upstream:short)%00%(objectname)%00%(upstream:track)%00%(upstream:remotename)%00%(upstream:remoteref) refs/heads/master refs/remotes/master [3397ms]
2025-01-29 14:37:52.326 [warning] [Git][getBranch] No such branch: master
2025-01-29 14:37:52.656 [info] [Git][getRemotes] No remotes found in the git config file
2025-01-29 14:37:52.741 [info] > git check-ignore -v -z --stdin [2832ms]
2025-01-29 14:37:52.743 [info] > git for-each-ref --format=%(refname)%00%(upstream:short)%00%(objectname)%00%(upstream:track)%00%(upstream:remotename)%00%(upstream:remoteref) refs/heads/master refs/remotes/master [376ms]
2025-01-29 14:37:52.743 [warning] [Git][getBranch] No such branch: master
2025-01-29 14:37:52.744 [error] [GitHistoryProvider][resolveHEADMergeBase] Failed to resolve merge base for master: Error: No such branch: master.
2025-01-29 14:37:53.050 [info] > git config --get commit.template [375ms]
2025-01-29 14:37:53.050 [info] > git for-each-ref --format=%(refname)%00%(upstream:short)%00%(objectname)%00%(upstream:track)%00%(upstream:remotename)%00%(upstream:remoteref) refs/heads/master refs/remotes/master [395ms]
2025-01-29 14:37:53.050 [warning] [Git][getBranch] No such branch: master
2025-01-29 14:37:58.867 [info] [Git][getRemotes] No remotes found in the git config file
2025-01-29 14:37:58.936 [info] > git for-each-ref --format=%(refname)%00%(upstream:short)%00%(objectname)%00%(upstream:track)%00%(upstream:remotename)%00%(upstream:remoteref) refs/heads/master refs/remotes/master [70ms]
2025-01-29 14:37:58.936 [warning] [Git][getBranch] No such branch: master
2025-01-29 14:37:59.972 [info] > git for-each-ref --sort -committerdate --format %(refname) %(objectname) %(*objectname) [1018ms]
2025-01-29 14:38:00.379 [info] > git status -z -uall [1433ms] (cancelled)
2025-01-29 14:38:00.909 [info] > git check-ignore -v -z --stdin [547ms]
2025-01-29 14:40:53.471 [info] > git fetch [336ms]
2025-01-29 14:40:53.488 [info] [Git][getRemotes] No remotes found in the git config file
2025-01-29 14:40:53.490 [info] > git config --get commit.template [10ms]
2025-01-29 14:40:53.493 [info] > git for-each-ref --format=%(refname)%00%(upstream:short)%00%(objectname)%00%(upstream:track)%00%(upstream:remotename)%00%(upstream:remoteref) refs/heads/master refs/remotes/master [6ms]
2025-01-29 14:40:53.493 [warning] [Git][getBranch] No such branch: master
2025-01-29 14:40:53.508 [info] > git for-each-ref --sort -committerdate --format %(refname) %(objectname) %(*objectname) [4ms]
2025-01-29 14:40:56.961 [info] > git status -z -uall [3461ms] (cancelled)
2025-01-29 14:40:57.055 [info] > git ls-files --stage -- /home/debian/serverweb/server.js [8ms]
2025-01-29 14:40:57.106 [info] > git show --textconv :serverweb/server.js [4ms]
2025-01-29 14:43:54.239 [info] > git fetch [11ms]
2025-01-29 14:43:54.254 [info] [Git][getRemotes] No remotes found in the git config file
2025-01-29 14:43:54.255 [info] > git config --get commit.template [8ms]
2025-01-29 14:43:54.259 [info] > git for-each-ref --format=%(refname)%00%(upstream:short)%00%(objectname)%00%(upstream:track)%00%(upstream:remotename)%00%(upstream:remoteref) refs/heads/master refs/remotes/master [5ms]
2025-01-29 14:43:54.259 [warning] [Git][getBranch] No such branch: master
2025-01-29 14:43:54.279 [info] > git for-each-ref --sort -committerdate --format %(refname) %(objectname) %(*objectname) [8ms]
2025-01-29 14:43:58.256 [info] > git status -z -uall [3993ms] (cancelled)
2025-01-29 14:43:58.290 [info] > git ls-files --stage -- /home/debian/serverweb/server.js [6ms]
2025-01-29 14:43:58.308 [info] > git show --textconv :serverweb/server.js [6ms]
2025-01-29 14:46:54.778 [info] > git fetch [11ms]
2025-01-29 14:46:54.792 [info] [Git][getRemotes] No remotes found in the git config file
2025-01-29 14:46:54.793 [info] > git config --get commit.template [6ms]
2025-01-29 14:46:54.796 [info] > git for-each-ref --format=%(refname)%00%(upstream:short)%00%(objectname)%00%(upstream:track)%00%(upstream:remotename)%00%(upstream:remoteref) refs/heads/master refs/remotes/master [3ms]
2025-01-29 14:46:54.796 [warning] [Git][getBranch] No such branch: master
2025-01-29 14:46:54.812 [info] > git for-each-ref --sort -committerdate --format %(refname) %(objectname) %(*objectname) [6ms]
2025-01-29 14:46:57.862 [info] > git status -z -uall [3063ms] (cancelled)
2025-01-29 14:46:57.897 [info] > git ls-files --stage -- /home/debian/serverweb/server.js [5ms]
2025-01-29 14:46:57.912 [info] > git show --textconv :serverweb/server.js [3ms]
2025-01-29 14:50:15.173 [info] > git fetch [11ms]
2025-01-29 14:50:15.190 [info] [Git][getRemotes] No remotes found in the git config file
2025-01-29 14:50:15.192 [info] > git config --get commit.template [9ms]
2025-01-29 14:50:15.194 [info] > git for-each-ref --format=%(refname)%00%(upstream:short)%00%(objectname)%00%(upstream:track)%00%(upstream:remotename)%00%(upstream:remoteref) refs/heads/master refs/remotes/master [4ms]
2025-01-29 14:50:15.194 [warning] [Git][getBranch] No such branch: master
2025-01-29 14:50:15.212 [info] > git for-each-ref --sort -committerdate --format %(refname) %(objectname) %(*objectname) [6ms]
2025-01-29 14:50:18.338 [info] > git status -z -uall [3140ms] (cancelled)
2025-01-29 14:50:18.449 [info] > git ls-files --stage -- /home/debian/serverweb/server.js [28ms]
2025-01-29 14:50:18.657 [info] > git show --textconv :serverweb/server.js [34ms]
2025-01-29 14:53:15.703 [info] > git fetch [9ms]
2025-01-29 14:53:15.716 [info] [Git][getRemotes] No remotes found in the git config file
2025-01-29 14:53:15.717 [info] > git config --get commit.template [7ms]
2025-01-29 14:53:15.724 [info] > git for-each-ref --format=%(refname)%00%(upstream:short)%00%(objectname)%00%(upstream:track)%00%(upstream:remotename)%00%(upstream:remoteref) refs/heads/master refs/remotes/master [9ms]
2025-01-29 14:53:15.724 [warning] [Git][getBranch] No such branch: master
2025-01-29 14:53:15.753 [info] > git for-each-ref --sort -committerdate --format %(refname) %(objectname) %(*objectname) [7ms]
2025-01-29 14:53:18.673 [info] > git status -z -uall [2937ms] (cancelled)
2025-01-29 14:53:18.744 [info] > git ls-files --stage -- /home/debian/serverweb/server.js [4ms]
2025-01-29 14:53:18.761 [info] > git show --textconv :serverweb/server.js [5ms]
2025-01-29 14:56:40.015 [info] > git fetch [10ms]
2025-01-29 14:56:40.029 [info] [Git][getRemotes] No remotes found in the git config file
2025-01-29 14:56:40.030 [info] > git config --get commit.template [8ms]
2025-01-29 14:56:40.033 [info] > git for-each-ref --format=%(refname)%00%(upstream:short)%00%(objectname)%00%(upstream:track)%00%(upstream:remotename)%00%(upstream:remoteref) refs/heads/master refs/remotes/master [4ms]
2025-01-29 14:56:40.033 [warning] [Git][getBranch] No such branch: master
2025-01-29 14:56:40.053 [info] > git for-each-ref --sort -committerdate --format %(refname) %(objectname) %(*objectname) [7ms]
2025-01-29 14:56:43.531 [info] > git status -z -uall [3493ms] (cancelled)
2025-01-29 14:56:43.694 [info] > git ls-files --stage -- /home/debian/serverweb/server.js [25ms]
2025-01-29 14:56:43.828 [info] > git show --textconv :serverweb/server.js [38ms]
2025-01-29 15:07:10.693 [info] > git fetch [10ms]
2025-01-29 15:07:10.707 [info] [Git][getRemotes] No remotes found in the git config file
2025-01-29 15:07:10.709 [info] > git config --get commit.template [8ms]
2025-01-29 15:07:10.711 [info] > git for-each-ref --format=%(refname)%00%(upstream:short)%00%(objectname)%00%(upstream:track)%00%(upstream:remotename)%00%(upstream:remoteref) refs/heads/master refs/remotes/master [4ms]
2025-01-29 15:07:10.711 [warning] [Git][getBranch] No such branch: master
2025-01-29 15:07:10.737 [info] > git for-each-ref --sort -committerdate --format %(refname) %(objectname) %(*objectname) [9ms]
2025-01-29 15:07:13.959 [info] > git status -z -uall [3243ms] (cancelled)
2025-01-29 15:07:14.068 [info] > git ls-files --stage -- /home/debian/serverweb/server.js [12ms]
2025-01-29 15:07:14.088 [info] > git show --textconv :serverweb/server.js [3ms]
2025-01-29 15:10:58.202 [info] > git fetch [301ms]
2025-01-29 15:10:58.271 [info] [Git][getRemotes] No remotes found in the git config file
2025-01-29 15:10:58.277 [info] > git config --get commit.template [23ms]
2025-01-29 15:10:58.285 [info] > git for-each-ref --format=%(refname)%00%(upstream:short)%00%(objectname)%00%(upstream:track)%00%(upstream:remotename)%00%(upstream:remoteref) refs/heads/master refs/remotes/master [14ms]
2025-01-29 15:10:58.290 [warning] [Git][getBranch] No such branch: master
2025-01-29 15:10:58.341 [info] > git for-each-ref --sort -committerdate --format %(refname) %(objectname) %(*objectname) [19ms]
2025-01-29 15:10:59.315 [info] > git ls-files --stage -- /home/debian/serverweb/server.js [49ms]
2025-01-29 15:10:59.345 [info] > git show --textconv :serverweb/server.js [7ms]
2025-01-29 15:11:16.070 [info] > git status -z -uall [17768ms] (cancelled)
2025-01-29 15:15:43.000 [info] > git fetch [312ms]
2025-01-29 15:15:43.112 [info] [Git][getRemotes] No remotes found in the git config file
2025-01-29 15:15:43.132 [info] > git config --get commit.template [77ms]
2025-01-29 15:15:43.133 [info] > git for-each-ref --format=%(refname)%00%(upstream:short)%00%(objectname)%00%(upstream:track)%00%(upstream:remotename)%00%(upstream:remoteref) refs/heads/master refs/remotes/master [22ms]
2025-01-29 15:15:43.133 [warning] [Git][getBranch] No such branch: master
2025-01-29 15:15:43.165 [info] > git for-each-ref --sort -committerdate --format %(refname) %(objectname) %(*objectname) [3ms]
2025-01-29 15:15:44.143 [info] > git ls-files --stage -- /home/debian/serverweb/server.js [52ms]
2025-01-29 15:15:44.178 [info] > git show --textconv :serverweb/server.js [4ms]
2025-01-29 15:15:55.978 [info] > git status -z -uall [12785ms] (cancelled)
2025-01-29 15:20:53.150 [info] > git fetch [310ms]
2025-01-29 15:20:53.186 [info] [Git][getRemotes] No remotes found in the git config file
2025-01-29 15:20:53.188 [info] > git config --get commit.template [11ms]
2025-01-29 15:20:53.190 [info] > git for-each-ref --format=%(refname)%00%(upstream:short)%00%(objectname)%00%(upstream:track)%00%(upstream:remotename)%00%(upstream:remoteref) refs/heads/master refs/remotes/master [4ms]
2025-01-29 15:20:53.190 [warning] [Git][getBranch] No such branch: master
2025-01-29 15:20:53.207 [info] > git for-each-ref --sort -committerdate --format %(refname) %(objectname) %(*objectname) [5ms]
2025-01-29 15:20:54.219 [info] > git ls-files --stage -- /home/debian/serverweb/server.js [21ms]
2025-01-29 15:20:54.234 [info] > git show --textconv :serverweb/server.js [3ms]
2025-01-29 15:21:01.155 [info] > git status -z -uall [7961ms] (cancelled)
2025-01-29 15:21:22.733 [info] > git log --format=%H%n%aN%n%aE%n%at%n%ct%n%P%n%D%n%B -z --shortstat -n50 --skip=0 --topo-order --decorate=full --stdin [1206ms]
2025-01-29 15:21:22.734 [info] fatal: bad revision 'refs/heads/master'
2025-01-29 15:21:22.737 [error] [GitHistoryProvider][provideHistoryItems] Failed to get history items with options '{"historyItemRefs":["refs/heads/master"],"limit":50,"skip":0}': Failed to execute git {
  "exitCode": 128,
  "gitCommand": "log",
  "stdout": "",
  "stderr": "fatal: bad revision 'refs/heads/master'\n"
}
2025-01-29 15:21:23.239 [info] > git check-ignore -v -z --stdin [5ms]
2025-01-29 15:21:25.552 [info] > git check-ignore -v -z --stdin [5ms]
2025-01-29 15:23:58.669 [info] > git fetch [13ms]
2025-01-29 15:23:58.687 [info] [Git][getRemotes] No remotes found in the git config file
2025-01-29 15:23:58.688 [info] > git config --get commit.template [9ms]
2025-01-29 15:23:58.691 [info] > git for-each-ref --format=%(refname)%00%(upstream:short)%00%(objectname)%00%(upstream:track)%00%(upstream:remotename)%00%(upstream:remoteref) refs/heads/master refs/remotes/master [4ms]
2025-01-29 15:23:58.691 [warning] [Git][getBranch] No such branch: master
2025-01-29 15:23:58.733 [info] > git for-each-ref --sort -committerdate --format %(refname) %(objectname) %(*objectname) [12ms]
2025-01-29 15:24:03.350 [info] > git status -z -uall [4654ms] (cancelled)
2025-01-29 15:24:03.490 [info] > git ls-files --stage -- /home/debian/serverweb/server.js [50ms]
2025-01-29 15:24:04.262 [info] > git show --textconv :serverweb/server.js [119ms]
2025-01-29 15:25:24.705 [info] > git check-ignore -v -z --stdin [292ms]
2025-01-29 15:25:30.270 [info] > git check-ignore -v -z --stdin [6ms]
2025-01-29 15:25:43.251 [info] > git check-ignore -v -z --stdin [7ms]
2025-01-29 15:26:59.488 [info] > git fetch [269ms]
2025-01-29 15:26:59.505 [info] [Git][getRemotes] No remotes found in the git config file
2025-01-29 15:26:59.506 [info] > git config --get commit.template [9ms]
2025-01-29 15:26:59.509 [info] > git for-each-ref --format=%(refname)%00%(upstream:short)%00%(objectname)%00%(upstream:track)%00%(upstream:remotename)%00%(upstream:remoteref) refs/heads/master refs/remotes/master [5ms]
2025-01-29 15:26:59.509 [warning] [Git][getBranch] No such branch: master
2025-01-29 15:26:59.534 [info] > git for-each-ref --sort -committerdate --format %(refname) %(objectname) %(*objectname) [12ms]
2025-01-29 15:27:02.754 [info] > git status -z -uall [3239ms] (cancelled)
2025-01-29 15:27:02.854 [info] > git ls-files --stage -- /home/debian/serverweb/server.js [70ms]
2025-01-29 15:27:02.894 [info] > git show --textconv :serverweb/server.js [4ms]
2025-01-29 15:28:52.416 [info] > git show --textconv HEAD:.bash_history [23903ms]
2025-01-29 15:28:52.417 [info] > git show --textconv HEAD:.bash_logout [23923ms]
2025-01-29 15:28:52.417 [info] > git show --textconv HEAD:.bashrc [23870ms]
2025-01-29 15:28:52.417 [info] > git show --textconv HEAD:.gitconfig [23833ms]
2025-01-29 15:28:52.417 [info] > git show --textconv HEAD:.gitignore [23805ms]
2025-01-29 15:28:52.417 [info] > git show --textconv HEAD:.profile [23785ms]
2025-01-29 15:28:52.417 [info] > git show --textconv HEAD:.cache/Microsoft/DeveloperTools/deviceid [23779ms]
2025-01-29 15:28:52.418 [info] > git show --textconv HEAD:.cache/typescript/5.5/package.json [23764ms]
2025-01-29 15:28:52.418 [info] > git show --textconv HEAD:.cache/typescript/5.6/package-lock.json [23756ms]
2025-01-29 15:28:52.418 [info] > git show --textconv HEAD:.cache/typescript/5.6/package.json [23743ms]
2025-01-29 15:28:52.418 [info] > git show --textconv HEAD:.cache/typescript/5.7/package-lock.json [23722ms]
2025-01-29 15:28:52.418 [info] > git show --textconv HEAD:.cache/typescript/5.7/package.json [23714ms]
2025-01-29 15:28:52.418 [info] > git show --textconv HEAD:.dotnet/corefx/cryptography/crls/7abcc12f.dea36fd7.crl [23707ms]
2025-01-29 15:28:52.418 [info] > git show --textconv HEAD:.dotnet/corefx/cryptography/crls/75d1b2ed.de05bb98.crl [23692ms]
2025-01-29 15:28:52.418 [info] > git show --textconv HEAD:.dotnet/corefx/cryptography/crls/7462804f.d5a68194.crl [23669ms]
2025-01-29 15:28:52.419 [info] > git show --textconv HEAD:.dotnet/corefx/cryptography/crls/bd6662f5.8ba5d856.crl [23621ms]
2025-01-29 15:28:52.419 [info] > git show --textconv HEAD:.dotnet/corefx/cryptography/crls/d16da424.cbeb964c.crl [23601ms]
2025-01-29 15:28:52.419 [info] > git show --textconv HEAD:.local/share/nano/search_history [23585ms]
2025-01-29 15:28:52.419 [info] > git show --textconv HEAD:.npm/_cacache/content-v2/sha512/00/0f/496c3e2be887041db6507c6a6786264f2df52de46b7728ecb18820cd81c7260512bc079d0a6d8924b00b7a2b2d00459664de5cd81bc7603dd60dcd35dcc3 [23564ms]
2025-01-29 15:28:52.419 [info] > git show --textconv HEAD:.npm/_cacache/content-v2/sha512/00/5b/7a50de40c21c051af85eaf6e0286c1239880c54ef3f449f45d64d6d1f78a9a6aca7bbbef2c8151906f1c0c99e8c91826764dd73a4d2b3ef30489a619255a [23552ms]
2025-01-29 15:28:52.419 [info] > git show --textconv HEAD:.npm/_cacache/content-v2/sha512/03/04/ad03f0d87dbca778bb60bcd1cd12d89f94b3cdf98828b6d0e25e1604fe3a4cd250c9ce3b558f3c305c7ae29e3911f2c09e42c67ca7e1bae8df4a8f18c64b [23537ms]
2025-01-29 15:28:52.419 [info] > git show --textconv HEAD:.npm/_cacache/content-v2/sha512/03/5c/1ef1c1f6f2b3fa75b54b724ab9953f5f2bbbbab61a5378d1a21b91d2f20414013b6f3ccd06cf64d7ff859385a1a5feb530003d234216329dec826b3b2024 [23525ms]
2025-01-29 15:28:52.419 [info] > git show --textconv HEAD:.npm/_cacache/content-v2/sha512/04/d1/9b58b7ddd1e50f69b8645d4566d23f2ebaf444c93879a2f45afddca8c3f06a01b649c82fb97d4f88cd03b39802b362a6110084a8461750af778867f3d7aa [23516ms]
2025-01-29 15:28:52.420 [info] > git show --textconv HEAD:.npm/_cacache/content-v2/sha512/05/c6/be824d985a6aa9d947fa93934512eaf063fd2d77472979b02e705a58ff78e1af0ad51aec54dae4050878d4d7d4897e37b4c90be2fab55676aefc851e658a [23499ms]
2025-01-29 15:28:52.420 [info] > git show --textconv HEAD:.npm/_cacache/content-v2/sha512/06/16/04f960dacb0160d9305660d5c013ef01d404e74e1341a971cfe6742ed23589755bd8da1be4a72077a8e9ad98378f892e7f04343cc00484586316446d78f2 [23488ms]
2025-01-29 15:28:52.420 [info] > git show --textconv HEAD:.npm/_cacache/content-v2/sha512/06/1d/27ed90f202fe23299ec78198dfe2b52bf0186a41f40e0429788f9af768724acfc818ed3798dfc1e40370741edf89b36e1aaa217f64ef5838eacff1f1e03d [23453ms]
2025-01-29 15:28:52.420 [info] > git show --textconv HEAD:.npm/_cacache/content-v2/sha512/08/39/4e78cf67b6120201b43d9dfc89696c5c6cb1deedf4848892811bd757d7a20ed816d20c4ec35e316c5a9d7e1bef4c2b7f324a50f4c5db5fe0dedf5d71a3be [23442ms]
2025-01-29 15:28:52.424 [info] > git show --textconv HEAD:.npm/_cacache/content-v2/sha512/08/f0/2d8f2c35dc9f438b2ff97dc66b1ed3373266ca5a9423e9da49d71f312f0a5e6cf1b56ca63fd7f8964e6c2ffd5ac54d7547615c375bfcd61ec48062273389 [23428ms]
2025-01-29 15:28:52.424 [info] > git show --textconv HEAD:.npm/_cacache/content-v2/sha512/09/12/022489743797170ce3407654efe528404d9e0713093a9030c85b6ff0f6a3962a0f8d53fe45f30611582ace35a774fd42a49683529a6c8dff05f8aeda5b54 [23420ms]
2025-01-29 15:28:52.425 [info] > git show --textconv HEAD:.npm/_cacache/content-v2/sha512/09/5b/c71b30a308a300f79ccbfb3b53f2cdbeb32323b9a19bf7b34b0c0f905cdd0ed1dc196d0bd74ff5fa51cf2655f7d47a70191a51e7e817b58aae659a9a0451 [23406ms]
2025-01-29 15:28:52.425 [info] > git show --textconv HEAD:.npm/_cacache/content-v2/sha512/0a/2c/9e3b1153fc96723799b4cfd3df5f0e1208127a4b2833d43a65d30aa39610c418604fd469ec51510bd29eb78681b57dc8f77c7ca75e2f4d60ee2758e2fea9 [23391ms]
2025-01-29 15:28:52.425 [info] > git show --textconv HEAD:.npm/_cacache/content-v2/sha512/0b/23/59018695f758c04dfd1e820eb8fb47f559566197cbf9baee51c1b2dbb56a4400b0967aedb571fb92447bb23c0a0ff12a58111e832c6fd55b9415c60030df [23382ms]
2025-01-29 15:28:52.428 [info] > git show --textconv HEAD:.npm/_cacache/content-v2/sha512/0b/31/c85e38eab4e03895d3c3f361eb1d88ca8f74bff15b7229762f5e7878501272794e3014719c9753b9110de26f550984ddae83a96b9135279fedecf13539dd [23374ms]
2025-01-29 15:28:52.429 [info] > git show --textconv HEAD:.npm/_cacache/content-v2/sha512/0c/9f/343135405d990fdb16d137c08c0ee8069e431be3fd3cea95e0bc13d36d11291e6a1077e4274447b75a2685db2210e2fb856c27baa6d76370559e8ec716f9 [23360ms]
2025-01-29 15:28:52.430 [info] > git show --textconv HEAD:.npm/_cacache/content-v2/sha512/0d/22/c2397864bdf4b958d34f6df9f629d20202693c94b73efcf36f9cf9c5ee039d3190b1a295ddbaabf4390d77cbfc80ff35d34a291966a560c9b53138483a61 [23347ms]
2025-01-29 15:28:52.430 [info] > git show --textconv HEAD:.npm/_cacache/content-v2/sha512/0d/c1/a101c78aaa10a03742bc024d6b235295317d68b9a199038ba61e0c2211cd9cddbacd622e1611ad9700629aea8e1787b1f87973f3108792590cbfb2ced905 [23334ms]
2025-01-29 15:28:52.430 [info] > git show --textconv HEAD:.npm/_cacache/content-v2/sha512/0e/f6/6b89231e8461cbd5934bce2e8c89d9ec0e151933fc76a5174320a7706d436aab01f132545d931b67ebf10f2b2a8aa47a9397fe27459b1134ba59c594693d [23322ms]
2025-01-29 15:28:52.431 [info] > git show --textconv HEAD:.npm/_cacache/content-v2/sha512/0f/40/8530cb7275b2407a0ccec878ed88a3cb96f9e6de24d9c994526682eada64610dd98b7c858e0983df409e1cbb67ab2a0854fbe42f8dc523a7fe61ee1112a4 [23298ms]
2025-01-29 15:28:52.431 [info] > git show --textconv HEAD:.npm/_cacache/content-v2/sha512/0f/ec/e439109b03d7f5b5d5912b445a091dc63efe7470cc5caf3e17f24e4b4d2503d43930e3b98a24465036e9c8b514e45b082d6944a8d515454481bd65788562 [23283ms]
2025-01-29 15:28:52.431 [info] > git show --textconv HEAD:.npm/_cacache/content-v2/sha512/10/f0/f9ab5b97c85c49a42acb9c27359c79eade039ae83641a1c008888d93692080ed5089d5424331a802cc891736c5187c3d5d68afff2d3110f318886eb1ed73 [23256ms]
2025-01-29 15:28:52.431 [info] > git show --textconv HEAD:.npm/_cacache/content-v2/sha512/11/b8/68f0ae2321b1c0c67bb18bba38d8ead9805fd94cd72c663ea744ac949a484b16af021c8b69fdfcba85066e6663ff9f7c99f550546e9e33cff997f219983f [23236ms]
2025-01-29 15:28:52.437 [info] > git show --textconv HEAD:.npm/_cacache/content-v2/sha512/12/8d/944cb0369a40d3132b87f382d31499c9e07ac4c4284c58a66e5b742a1300f2eac7f6881c36df5a6427c3e2076d4255239dd19eb4175df67392b994e4286a [23231ms]
2025-01-29 15:28:52.437 [info] > git show --textconv HEAD:.npm/_cacache/content-v2/sha512/13/92/c35fb5aba7ce4a8a5e5b859bf8ea3f2339e6e82aae4932660cde05467461fcc45a4f59750cb0dae53830ab928c4c11e362fd7648c2e46f6385cdc18309a7 [23221ms]
2025-01-29 15:28:52.440 [info] > git show --textconv HEAD:.npm/_cacache/content-v2/sha512/14/22/c7b510ff827a428821c48892cec1d9853fec330a60c491cf72ecdb18c5e178bbb06db27d59bb0830246c4898898789c240acb3f8474c97e1cd8a0ab32b4c [23213ms]
2025-01-29 15:28:52.440 [info] > git show --textconv HEAD:.npm/_cacache/content-v2/sha512/14/62/9064707cefd93531c225820a98cd502be6afd50cdbf282c0723a757461e0984fc042857cd3f0801ec6474d32d41b91a65fbefb30e2d7178cf59885eb6a64 [23205ms]
2025-01-29 15:28:52.444 [info] > git show --textconv HEAD:.npm/_cacache/content-v2/sha512/15/03/783117ee25e1dfedc05b04c2455e12920eafb690002b06599106f72f144e410751d9297b5214048385d973f73398c3187c943767be630e7bffb971da0476 [23194ms]
2025-01-29 15:28:52.447 [info] > git show --textconv HEAD:.npm/_cacache/content-v2/sha512/16/66/cd30c0d269432f638b8560093f6c89c6adc0db6d6e42bd645e06de27ae1ae7fb56acc686f8e9ca294d19d2543b0cd24f3bf413c72f8e7c50bcff3129beaf [23187ms]
2025-01-29 15:28:52.447 [info] > git show --textconv HEAD:.npm/_cacache/content-v2/sha512/16/dc/2b1bf7ae0736848d8791a8e825cbb1b4aaf8a25e82569ef107d99d6994175781bca3bf7e291d349bf73a1e1ccc83cb7dfe0d6cb95adf56a3e4d446d39849 [23181ms]
2025-01-29 15:28:52.447 [info] > git show --textconv HEAD:.npm/_cacache/content-v2/sha512/16/f7/994cdb86c34e1cc6502259bce2eb34c02ff9617a16966d3b6096e261e3f13de43a8cc139a16b7299375680580f1c148847ccc654bcb7af930e51aa4fad49 [23168ms]
2025-01-29 15:28:52.449 [info] > git show --textconv HEAD:.npm/_cacache/content-v2/sha512/17/c4/3e49e1a29b03a8f3a7e2a2f421f2a8977c5121dbfa1c62feed539a49dc45cc492c64d49a23e7079fa452b67c74dffcde872864b1203053f5fde00b15cf91 [23162ms]
2025-01-29 15:28:52.449 [info] > git show --textconv HEAD:.npm/_cacache/content-v2/sha512/18/74/d2352608090eec707eec67e336ac5a294682e1f2dd9b2d25ba05b82bb4bb1a84e201e62c805497fd1a358addc6130da323e17741a4cd5c03aa484b42afdb [23155ms]
2025-01-29 15:28:52.450 [info] > git show --textconv HEAD:.npm/_cacache/content-v2/sha512/19/b7/72e499cef1286b0870bc9b32f9200f0b7a23d719183f06240f98c5864a4558bd6c56a50752e9ce029932be6fd1d5cf996e0053804c0f0107a2905682a818 [23144ms]
2025-01-29 15:28:52.451 [info] > git show --textconv HEAD:.npm/_cacache/content-v2/sha512/19/dd/94641243917958ec66c9c5fb04f3f9ef2a45045351b7f1cd6c88de903fa6bd3d3f4c98707c1a7a6c71298c252a05f0b388aedf2e77fc0fb688f2b381bafa [23136ms]
2025-01-29 15:28:52.451 [info] > git show --textconv HEAD:.npm/_cacache/content-v2/sha512/1b/38/23e02e6138b0c8ec6773789719ceac9e6722a19e6db36fe7dc2f602098a46a9d308cce0dacc289c79141c2b58bd40bf3c512d168c255f24dffb3b611528b [23122ms]
2025-01-29 15:28:52.452 [info] > git show --textconv HEAD:.npm/_cacache/content-v2/sha512/1c/0d/123e9d10227cb483945b1ab29f887e5bf178640dcb4713c806dd9654c90dc29ef34f35a3bf58593883c72eb00ac05ec7c5bf798de263a1f798513fd3fb37 [23114ms]
2025-01-29 15:28:52.456 [info] > git show --textconv HEAD:.npm/_cacache/content-v2/sha512/1e/2c/76c3583e0bc1861c4d8671a4bc45267f4d54f0d1aca771f173efaa3e2d1883e4046581fffd5c214a6f276bf327dae500f1de6a4847037500f8c082f3e245 [23078ms]
2025-01-29 15:28:52.459 [info] > git show --textconv HEAD:.npm/_cacache/content-v2/sha512/1e/b8/2cc7ea2baa8ca09e68456ca68713a736f7a27e1d30105e8c4417a80dba944e9a6189468cb37c6ddc700bdea8206bc2bff6cb143905577f1939796a03b04a [23068ms]
2025-01-29 15:28:52.460 [info] > git show --textconv HEAD:.npm/_cacache/content-v2/sha512/1f/82/88a654ef7ccf6470a5660d6adc43550228087fb0e2d259a1981797a7a24b1cd69d9fe38837a9be4358de4704d8bda9e1fef5d4f6c3319449b1ef291f63d1 [23060ms]
2025-01-29 15:28:52.460 [info] > git show --textconv HEAD:.npm/_cacache/content-v2/sha512/1f/9b/3264cacadeeb21140d4522812f985a88e1d14a7bd40baad2e05ebe1b627b1fcf95a87763dbda4844341c77f68e619e0a682bd48bcc9d0349d422b50bf8e8 [23043ms]
2025-01-29 15:28:52.460 [info] > git show --textconv HEAD:.npm/_cacache/content-v2/sha512/20/04/b1ba1510e83f8f5f905f8522c59ceff6d2fbe43944de666f63340960b9677e83f5f8fe5cd6b0d05ef2621d3f2604a291382b491a9d15992a592421b649b5 [23032ms]
2025-01-29 15:28:52.464 [info] > git show --textconv HEAD:.npm/_cacache/content-v2/sha512/20/08/8aa3d49aa5d9db4a793a2676534fe8161a93d19b002dc61b1611f151fb234e425e228d1cb6201509146f76f2ed30c17e7a3fee91dd9a73728a05164dcbb6 [23021ms]
2025-01-29 15:28:52.467 [info] > git show --textconv HEAD:.npm/_cacache/content-v2/sha512/20/0d/55f3ac144804954531f14345f13543bc94735cc4fa64b3c59a6625e2345f1b403ac63e958c85b7a6313aab7949df662a052df0ebf6ccf1b70523bd825c11 [23015ms]
2025-01-29 15:28:52.467 [info] > git show --textconv HEAD:.npm/_cacache/content-v2/sha512/21/16/5246ecc98b29de9805cf62d3dee41a08fd111235847b4d89b9d0c0b932a6dddc99b0e72efdd2c12b630dd5e92af21490fae1bef8a9042cf709f9060fe4de [23003ms]
2025-01-29 15:28:52.472 [info] > git show --textconv HEAD:.npm/_cacache/content-v2/sha512/22/c1/e998ab7225ff092bf8644ba833b0d1b62ae7e6e541a990026a0dea5b2893b5d6acd44203539972610ebdd83303af77f2e8519c821dcf6a17b81b9bb2b140 [23001ms]
2025-01-29 15:28:52.472 [info] > git show --textconv HEAD:.npm/_cacache/content-v2/sha512/24/1e/625469ff428bd3498d960ca8c34ad9873538f369e8983679708a0c811c728f9362d8de8684c5fa2a3728ea529a8b376117f3bd0466d422096219f5f598a4 [22995ms]
2025-01-29 15:28:52.472 [info] > git show --textconv HEAD:.npm/_cacache/content-v2/sha512/26/57/e755b554aebb3409671ea34a63343bcef19c729d3d7d33fe02076248464447bb91f927dcad841fd9bf1f9813ea5576e0b8b1b1dc3e1d5de4c9aef51a2b22 [22989ms]
2025-01-29 15:28:52.473 [info] > git show --textconv HEAD:.npm/_cacache/content-v2/sha512/27/19/966629b79520e13146a4233768d577bea2cc6f1586faf21ff6d337031302ff0cd6f0fd39529cef46202460d2096f80d954258a968e38fe843c4f3e51db7e [22973ms]
2025-01-29 15:28:52.476 [info] > git show --textconv HEAD:.npm/_cacache/content-v2/sha512/28/81/db2c9aaeef7446aff8676eb3bdb817a2c4d1aebd2423ba5fe3745bd2fca152207d615957759e0ef3387c7e62b11f2272c6eeae27e861d0f5c0edc6ffcfea [22969ms]
2025-01-29 15:28:52.476 [info] > git show --textconv HEAD:.npm/_cacache/content-v2/sha512/28/83/7f9c3241411717c3430b561644f62407986ebca80548060f42aa65188e64088608a3f54e4c16faea9142f915bb72cb366e39e3add3375e45ee1463b72df8 [22953ms]
2025-01-29 15:28:52.477 [info] > git show --textconv HEAD:.npm/_cacache/content-v2/sha512/2a/2f/0864cc20eb78bbfad1775297c3225e2bc01375075916423642533696a2885f301d26f4261aa7f744c5bcfb5b6d6e4b658fa00ffc96f943bb05f45ff61f21 [22945ms]
2025-01-29 15:28:52.477 [info] > git show --textconv HEAD:.npm/_cacache/content-v2/sha512/2a/69/e9d2156bec158e3c53fdb8dc2172fdab757f3a399d5acd00dcfe92dd15a612b4098ed3afe30fadfb6e0bc2279def094ecf00bec2d35ce8301d7c20dd0619 [22933ms]
2025-01-29 15:28:52.477 [info] > git show --textconv HEAD:.npm/_cacache/content-v2/sha512/2b/ab/9139fd4b0fcf2e0d0a890a4b40e32ccbd586002ba3607ec234bff9938323ca5ac5f50a72745cf48385589e8ebbb519c4642d66fc465cc560946a1946daba [22919ms]
2025-01-29 15:28:52.477 [info] > git show --textconv HEAD:.npm/_cacache/content-v2/sha512/2c/7e/9196e2186493062351ae82fc2ca027d3a2bbc4e915a9f100809b0839d4d44a8faadc75a2a6b0938d7186375cc2a9fd77712d949bce5a7fad80679b3d417c [22901ms]
2025-01-29 15:28:52.478 [info] > git show --textconv HEAD:.npm/_cacache/content-v2/sha512/2d/5d/ef28b78d9b6c8c6ffcce36c38b8b2f3a587bec181f0262bfc7c901413950a965aa3a24c50be6476117c5e4ee0bb2e648ee325d2da1dd7d207a4ef9421f68 [22895ms]
2025-01-29 15:28:52.478 [info] > git show --textconv HEAD:.npm/_cacache/content-v2/sha512/2d/a5/2b291fd8afc2843fdb3cba8160b07660ac2cb88c895e2cdfddb5e4a1bf45b77e2c6c503cb53f5d67f7f396946bf8e0ffc363f5f77abd485eff2603e6959f [22884ms]
2025-01-29 15:28:52.478 [info] > git show --textconv HEAD:.npm/_cacache/content-v2/sha512/2e/12/dc13b1db8abcb3f28303743a6d4ab5a8c26078065e910adeac2092a9441e17b557f488481ec17ddabbfa49aa6f8fcb590201291bfc514a8f141a2edc49bf [22852ms]
2025-01-29 15:28:52.479 [info] > git show --textconv HEAD:.npm/_cacache/content-v2/sha512/2f/8b/4ded895a231c9795fba6484ff19fe5576f769b340da6131d3db3a9c0fa113d2ecc442283e1f9a0ff43016071dc4501e65d85192db4ee8f807407f03ff934 [22832ms]
2025-01-29 15:28:52.480 [info] > git show --textconv HEAD:.npm/_cacache/content-v2/sha512/31/38/17273d04a39473cc37854f7cce6f6bd932376895b3b02c61b5d093c0c5395166b18bd0bd03e5b77245ee3e5556759551115b2c15e9a686e1a8533db35f7d [22822ms]
2025-01-29 15:28:52.480 [info] > git show --textconv HEAD:.npm/_cacache/content-v2/sha512/31/99/c91c9ea4868e0d41437134ddc595678d428bdf1fad8995b4dabfac0a0a667885886a0769a4f336a05424618db02027592abd9142a29694c95c6d71b37007 [22813ms]
2025-01-29 15:28:52.481 [info] > git show --textconv HEAD:.npm/_cacache/content-v2/sha512/31/9e/2243a2701ce0508da8678f0682d59b48047fb6a218da9b300ede868771762ea7bab18c5d9f8b1c87f90ef5be858778e908daafd39c96a8fca7d76086566f [22806ms]
2025-01-29 15:28:52.481 [info] > git show --textconv HEAD:.npm/_cacache/content-v2/sha512/31/b7/4b147220876d8c40df2c68ad3f20f0c5ff4b8a22f4a4ac1bb0e0f6169ff72131f6b9ac9132033117848eb39217ace2c83f6998973140992aebb5146b87c4 [22795ms]
2025-01-29 15:28:52.484 [info] > git show --textconv HEAD:.npm/_cacache/content-v2/sha512/33/8e/d1154e9581bb4626d72619a6871ea15c22388311bfa465c7747ab728900eee043bf6c4d32cb70ddf0668ac38b23467a702732eb22345711e95c865438b10 [22776ms]
2025-01-29 15:28:52.484 [info] > git show --textconv HEAD:.npm/_cacache/content-v2/sha512/33/d0/0fc95070be85bd4ecefdd1836575b95599cd87f5de5943e8de3ffce6c83cc688374c9a7db8b16edb86859d0ad2a5a7f08a4d99ba1985f5e30f47797ff5fa [22762ms]
2025-01-29 15:28:52.488 [info] > git show --textconv HEAD:.npm/_cacache/content-v2/sha512/36/24/aea59e0e7ae1b0afaf251887b29bf92c219309a1d506392099fc54a74f172b7a46efaab81d53194938ca628da299563009ad6ac6b3fe89cbc38cbb28fda3 [22757ms]
2025-01-29 15:28:52.488 [info] > git show --textconv HEAD:.npm/_cacache/content-v2/sha512/37/2e/90676363bb6d2fc354911dedddf6356eea027ee1edfe30ca6abbba6a1391d3e96b134a571efbe19098ae545d2f26cd5f034981eb407f97adfda355cb8a36 [22733ms]
2025-01-29 15:28:52.489 [info] > git show --textconv HEAD:.npm/_cacache/content-v2/sha512/39/e8/bd387e2d461d18a94dc6c615fbf5d33f9b0560bdb64969235a464f9bb21923d12e5c7c772061a92b7818eb1f06ad5ca6f3f88a087582f1aca8a6d8c8d6d1 [22723ms]
2025-01-29 15:28:52.492 [info] > git show --textconv HEAD:.npm/_cacache/content-v2/sha512/3b/a7/644f50d09583dc2a2b9c189ead684bced14bb53cb6b79f760ba47b21ab54bb21227c5cc1d1eb98814e5d88a81a60ab7e95025c5973c9e898aeb8ced9c98e [22715ms]
2025-01-29 15:28:52.492 [info] > git show --textconv HEAD:.npm/_cacache/content-v2/sha512/3b/f2/27fe0edced85a8e90a0166850a1e49687fc8a9c6feb63293478b59f3b5f50aefd6c8865889f502bab56b055921f3cde1d222c06a457f119c3602cbd36ac0 [22710ms]
2025-01-29 15:28:52.492 [info] > git show --textconv HEAD:.npm/_cacache/content-v2/sha512/3c/23/b6e770094aeced6df29400647cc5e51baaec86375fd000a53f35ebc7ac67f3f32d1b8a97a88e185181ac11af372e909991f3bb084d7554bb5abae1629131 [22686ms]
2025-01-29 15:28:52.496 [info] > git show --textconv HEAD:.npm/_cacache/content-v2/sha512/3c/25/4042cc167a6bba51dc6c0c5157ffe815798a8a0287770f75159bdd631f0ca782e3b002f60f871f2736533ef8da9170ae82c71a5469f8e684874a88789baa [22681ms]
2025-01-29 15:28:52.496 [info] > git show --textconv HEAD:.npm/_cacache/content-v2/sha512/3c/e9/386ba4a812fcaf3b1367add8548b6075695596c8b522c464e39988cbb6d9c81473ccc9319b26ca0ce9ff067f9c85739860fd8655fb72263c8a9128e618ba [22669ms]
2025-01-29 15:28:52.496 [info] > git show --textconv HEAD:.npm/_cacache/content-v2/sha512/3d/80/2d8536b69b654ac6ebd20f70cf0bf1b2f94fac380d4b02e4fc9a4991bafc3e34009269e5c443e34771517bace365eaa71ac55dd4b9e9b06b093eefe4892f [22661ms]
2025-01-29 15:28:52.496 [info] > git show --textconv HEAD:.npm/_cacache/content-v2/sha512/40/00/f395a1dcf22715f08eef6da257270a1df47598a7cb82a9fd716b839f36ed53ec9571408ad480e5ad1dd343b4f8b2c2615b892d76563a2d2172eb28cde8ad [22650ms]
2025-01-29 15:28:52.497 [info] > git show --textconv HEAD:.npm/_cacache/content-v2/sha512/42/20/000a6b40bd4e09c5fee5a0fac5c616a236cc51b06200b4a9353e26b28ab6d69898615eababc73ea754c62afb730a90547eb4d0a27dc12164b07e0a3c3c9d [22642ms]
2025-01-29 15:28:52.500 [info] > git show --textconv HEAD:.npm/_cacache/content-v2/sha512/43/49/fd1d18b89ba26e188575785966bc907b644571bbddc8accca232c182d25acc24c5b3460c7a586aaec9f4206556f7d6f8468179df98f34d5e6c673a4441ae [22636ms]
2025-01-29 15:28:52.500 [info] > git show --textconv HEAD:.npm/_cacache/content-v2/sha512/44/0d/468d454c9ef605c6eaa8beb12a668c715b935466a6f02ad633fd3b7b9d77ab9342db2db9509abb2075e3b15794851dfd140e08234bf6d278e670b75a6611 [22628ms]
2025-01-29 15:28:52.501 [info] > git show --textconv HEAD:.npm/_cacache/content-v2/sha512/45/41/fa4beadb1391c8041c0d409145de35165e83c078afb8304b4b62613e3d56497ab5fc2214d4291f0b7c5ceaebc67a2bd90c1f1242c298b0c4143ba7686a9b [22618ms]
2025-01-29 15:28:52.501 [info] > git show --textconv HEAD:.npm/_cacache/content-v2/sha512/45/87/d9042d7db32edb531ae1cbcc39d10e66f3cdd0f75a8c3c9ab16d07edc4e1ae3669f54f170000a9528b9809e32766fc67013cb9da133ca770ab8e67e5dfc8 [22612ms]
2025-01-29 15:28:52.501 [info] > git show --textconv HEAD:.npm/_cacache/content-v2/sha512/45/a0/fe738496266c89956e966ae8afa72a19798ec24efe8db64ef82ec5b18702020e8bb0da1f55270716a37b5b083452949f80f2b423516814ecb2b83724c26e [22606ms]
2025-01-29 15:28:52.501 [info] > git show --textconv HEAD:.npm/_cacache/content-v2/sha512/47/03/40f59ffb3eb2b4eab60b23314c95a17e97bde2c29ceca9120581b30b6d370b0fa70e6a8f364da59e7cf5d0bc1d9f382e008ee612127752ecdfe64c26e475 [22599ms]
2025-01-29 15:28:52.502 [info] > git show --textconv HEAD:.npm/_cacache/content-v2/sha512/48/9d/5a999009522652f8f86c54b7f9b46c9d95a541f04745a5a48ee209a250a50ec64f2ace7e40232e19789526876db39c8764fee300513da9977171cd5507f9 [22594ms]
2025-01-29 15:28:52.503 [info] > git show --textconv HEAD:.npm/_cacache/content-v2/sha512/4b/4c/2a4600e3e16d8ffac03cc9b744a8de8e915441e3d8ddde5657a5a8b0697e81961a681de0dd5eb5548ea0709e9964b5bfe6b496eee47ddc029b1779ad4671 [22589ms]
2025-01-29 15:28:52.504 [info] > git show --textconv HEAD:.npm/_cacache/content-v2/sha512/4c/f2/57abc26a15a5589b609698fbe73f6232a3865233bfd029c4a6b8c2c339b7e91f97e2ed150699dfeb4c37feaeeb7fb1a88389011e5533600262447403b1d3 [22576ms]
2025-01-29 15:28:52.508 [info] > git show --textconv HEAD:.npm/_cacache/content-v2/sha512/4d/62/33ff361ca11d8b88795c765c93a436bccec1f65c44d1cb5ce5b126aca5bc07b38d8f8385ff72c76b83b26d86f5597016fc305e5ca93fbf2bbac1d3ee12ab [22573ms]
2025-01-29 15:28:52.508 [info] > git show --textconv HEAD:.npm/_cacache/content-v2/sha512/4e/44/4aafdb144f1107f0c75fb8248fed58b3272cd134c8e3d89d9da3626bdcaca6e7df0955d124b2eccf4029e514f5b8932f50fa203e99af411a6d3a5d0072f2 [22555ms]
2025-01-29 15:28:52.509 [info] > git show --textconv HEAD:.npm/_cacache/content-v2/sha512/4e/9a/7ad0fe885090d3b8eabfe59f1c76c93326e8dfc2a7ce4e4af02308fb211212a679099d3e92c89e0f08f9c63281630bd75d85a979295218b40b7dee2c74e4 [22516ms]
2025-01-29 15:28:52.516 [info] > git show --textconv HEAD:.npm/_cacache/content-v2/sha512/4f/ef/10e3b80e2eeaa1a1c21c56ee8bafda4cb38780ba19a9933d980ee53caeaeb93de63dd1388724d23ecb990f31d290d22bddb76d40ed5bb335b8e5279b385c [22514ms]
2025-01-29 15:28:52.516 [info] > git show --textconv HEAD:.npm/_cacache/content-v2/sha512/54/28/c235f80cb1bcb7b53768d369db8ed33f7b0adaea33c79a94e17a7913621f291bdb9c67fd4ff12a38bb814605e93f063a4e56c0c23282c0fe2b8128815744 [22493ms]
2025-01-29 15:28:52.517 [info] > git show --textconv HEAD:.npm/_cacache/content-v2/sha512/54/84/17e63d3413d7b94545013008e698551ced2b15e54e44dc5f6862e192f2a843c14ebceb23d4844b0b85dc0c5c304a3f968be86b23b409334cbfefadab828a [22478ms]
2025-01-29 15:28:52.517 [info] > git show --textconv HEAD:.npm/_cacache/content-v2/sha512/54/b8/2121634ce842d0ce8ef3c26720d0d99357258a623bc878cf37ca3a74c110d39949eb33aefc7d06dc281a3a9f6089105d2cce81bfff2b60f932a56bcf402d [22450ms]
2025-01-29 15:28:52.517 [info] > git show --textconv HEAD:.npm/_cacache/content-v2/sha512/54/ce/d8498debd91ba868e550aac7103a2f15f6b937329b365b9face91bef304c5001f44de241e14eb68a837add615a193d78967345429c2654bdc052b7b9efb9 [22434ms]
2025-01-29 15:28:52.518 [info] > git show --textconv HEAD:.npm/_cacache/content-v2/sha512/55/6e/8fc61b2b9342803aab375847749250e217ff95ee040ea40bd8d63554fcb1e6683fe440ee39db76a226e8a45ff400298896eb1f0987e4497a3d5a96676d08 [22404ms]
2025-01-29 15:28:52.518 [info] > git show --textconv HEAD:.npm/_cacache/content-v2/sha512/56/a9/ab6986d1c87f6126616ba42deb89f1ff6481d076ac8aeaac18d4ab9a9044d84e4466fb9496fc7cd05e4853b66cb23891d33ac62998d1addd855127014935 [22397ms]
2025-01-29 15:28:52.518 [info] > git show --textconv HEAD:.npm/_cacache/content-v2/sha512/56/aa/6325929a75007f3c46c4c2f15d3b8dc0c79745059d94102b33cfc6d0ee98bbc2dfff3d67b53fa30dede0a78ec6ad62d053e84ba20a56e34963f65ab2284f [22374ms]
2025-01-29 15:28:52.518 [info] > git show --textconv HEAD:.npm/_cacache/content-v2/sha512/58/cc/26f4b851528f9651a44dfaf46e113a86f3d22066985548d91d16079beac4bf1383ab0c837bb78f0201ec121d773a0bc95e7c3f0a29faf9bd8eb56eb425a3 [22343ms]
2025-01-29 15:28:52.524 [info] > git show --textconv HEAD:.npm/_cacache/content-v2/sha512/58/f4/bf1ef1d04d89c78ac2e8f4c72a0473899361641cefed969be5772ae77a6e1a790a7885a8b7832b61b3083aa74d684a84e5e7cadca621408c5d9baf6024d8 [22335ms]
2025-01-29 15:28:52.524 [info] > git show --textconv HEAD:.npm/_cacache/content-v2/sha512/59/cd/bd481e997125a7dee72c048d976b76e559c0b032024677a457465f842a78540b759231528dcc8ad3a69b604609f7344d7e7dca80eb9c1191f373348ef42c [22321ms]
2025-01-29 15:28:52.528 [info] > git show --textconv HEAD:.npm/_cacache/content-v2/sha512/5b/c6/26fa1f2786e47068a3da0f0df8414930b068ba45ce3262abca168e6b9b61541210856f3556af15d4c6e28af130128d6b32b096349ec98d086842388b2b3b [22313ms]
2025-01-29 15:28:52.528 [info] > git show --textconv HEAD:.npm/_cacache/content-v2/sha512/5e/89/f63b9964a6fe5eac838643d346a6d21a629aa171b45c1990d03816843355c682033c7faa002be77d1fda29d9b26375fa01e8578b2938dc60699b6832e76f [22298ms]
2025-01-29 15:28:52.529 [info] > git show --textconv HEAD:.npm/_cacache/content-v2/sha512/60/22/b2e78e8bd97058098092b7e337d26cb05c234f653e06c0610a5255e3634024facd99f75cfd8217bc47bb95a354387f8c5133f1cf467a520207718989916e [22287ms]
2025-01-29 15:28:52.529 [info] > git show --textconv HEAD:.npm/_cacache/content-v2/sha512/61/21/652b511ed3f182f1068ef75b47703c49884fd7e056e903241693102f1ba0170ae47ae58ccaf2e6ba0fd86f8bf4f351f64ca5cf81c2e33520fc3c7e640189 [22274ms]
2025-01-29 15:28:52.530 [info] > git show --textconv HEAD:.npm/_cacache/content-v2/sha512/61/37/7eeb01a53653f14aeae2ed8e97f2d6367669b5d94307eba46928c8625faaec939c175e76206d470eb7c9224b7d7f0237e84cebc2b04fb0f276502d09f31c [22262ms]
2025-01-29 15:28:52.531 [info] > git show --textconv HEAD:.npm/_cacache/content-v2/sha512/61/9a/372bcd920fb462ca2d04d4440fa232f3ee4a5ea6749023d2323db1c78355d75debdbe5d248eeda72376003c467106c71bbbdcc911e4d1c6f0a9c42b894b6 [22256ms]
2025-01-29 15:28:52.536 [info] > git show --textconv HEAD:.npm/_cacache/content-v2/sha512/63/0f/efd7112b7737e6268006fee058ec7e8cb8fd3aef12707150249bd8dfcf2da44719ec98d72be2ca0316de09d3e7a2a6ff466064a36888527b7d7a8ff98000 [22249ms]
2025-01-29 15:28:52.536 [info] > git show --textconv HEAD:.npm/_cacache/content-v2/sha512/64/36/3e6cf9b9cd34c5f98a42ac053d9cad148080983d3d10b53d4d65616fe2cfbe4cd91c815693d20ebee11dae238323423cf2b07075cf1b962f9d21cda7978b [22241ms]
2025-01-29 15:28:52.537 [info] > git show --textconv HEAD:.npm/_cacache/content-v2/sha512/64/a4/688e7b45985b71a45b6740540b0bca71f90677e9220bf48bab265dd2d79a73e6c80503a1c83dbe12e1cf6b8cfd68eac9e97dc66a93238ae6078e4adc75e7 [22235ms]
2025-01-29 15:28:52.537 [info] > git show --textconv HEAD:.npm/_cacache/content-v2/sha512/65/00/6f8b50dca49e060ea6a78ee719d878f7c043b9a590d2f3d0566e472bbddc64b09a2bc140c365a997f65745929f5ac369660432e090e6c40380d6349f4561 [22225ms]
2025-01-29 15:28:52.540 [info] > git show --textconv HEAD:.npm/_cacache/content-v2/sha512/65/42/9187afe4505a0089302d4d83d9277870f70371c7e04804e8a39e51bd3e7ac9b027128ecd70cb20fabc9a5a62d827cc3aca6114aa7f738ee917daf77c6c46 [22217ms]
2025-01-29 15:28:52.540 [info] > git show --textconv HEAD:.npm/_cacache/content-v2/sha512/65/42/f9f9aa5f190ae106db073131e8ddafe3c47b1cdfff8c7d76559402a99830fef38030318e51db1cb17a1b9201c788a28ad48009cbdb2ab2d8c507a23a9b9a [22206ms]
2025-01-29 15:28:52.541 [info] > git show --textconv HEAD:.npm/_cacache/content-v2/sha512/65/5f/0af9964bbcf44c0d43529cbcc381ef009fd0f1990eb10a05f2e40e334b10c61984bcf1f0dc0520ff82e8ec89396708bc2e5b630a8dd96a3c9dfb6c7ff7f2 [22197ms]
2025-01-29 15:28:52.541 [info] > git show --textconv HEAD:.npm/_cacache/content-v2/sha512/65/7f/7d7bab51c1ea145ea47e541aec96175ae75361e4c4d0c28bb9b6750381bb723347418268440ed5863ffc5b2a7ea1a9f3d11ee8d4370cf97f2ff06db867a7 [22185ms]
2025-01-29 15:28:52.541 [info] > git show --textconv HEAD:.npm/_cacache/content-v2/sha512/65/fe/47d8ac6ddb18d3bdb26f3f66562c4202c40ea3fa1026333225ca9cb8c5c060d6f2959f1f3d5b2d066d2fa47f9730095145cdd0858765d20853542d2e9cb3 [22178ms]
2025-01-29 15:28:52.541 [info] > git show --textconv HEAD:.npm/_cacache/content-v2/sha512/66/15/3f1cd33d47be533bc3c19f4fb30e2eed6d813281eada4e30c70241a980514a2848ff025e11cac1bea16cab46eb0f44352f72d68af9262bc359b649d2cd35 [22169ms]
2025-01-29 15:28:52.544 [info] > git show --textconv HEAD:.npm/_cacache/content-v2/sha512/67/16/08ad451dd30c19aa9aa62ebbc72ee8595d118cacf1ee6a7a0dc63d4e037e8c5c881862150e40fd17a783738f85a0202cb7df606d55970a64a16791e4c5af [22155ms]
2025-01-29 15:28:52.544 [info] > git show --textconv HEAD:.npm/_cacache/content-v2/sha512/67/24/83ecd7fdd5a2c1d11c4be0a1ab28705797b11db350c098475ca156b05e72c3ed20e1a4d82db88236680920edaed04b8d63c4f499d7ba7855d1a730793731 [22147ms]
2025-01-29 15:28:52.545 [info] > git show --textconv HEAD:.npm/_cacache/content-v2/sha512/68/7c/a33a23bbd34a651cf1c6c0ee92778a571bacb81b330389ce80bbea651be22a35b1576c16cdb000639e54cff7f6d17832b4837e0ba2574a7b380a00056681 [22111ms]
2025-01-29 15:28:52.545 [info] > git show --textconv HEAD:.npm/_cacache/content-v2/sha512/68/82/f9171ee66b055adf4d1a976067104e2236fa35a844f12eb3c8fe8d392fbcfa828edf0b0d49e844266cae05989d804bb920545fca1195ae7c17dd0a531c3e [22103ms]
2025-01-29 15:28:52.545 [info] > git show --textconv HEAD:.npm/_cacache/content-v2/sha512/69/1f/900cc8c30619fd021f88079b9c29f08d1478a2e36daf8afbf848d24db51342d849c41015deb3f823f59891ee92e173c29452fc9836b4fc650599b34a2042 [22095ms]
2025-01-29 15:28:52.546 [info] > git show --textconv HEAD:.npm/_cacache/content-v2/sha512/6a/67/e3f9840687b1fab3657551623f9247f10799ecd6b85e9d51f176705d03c2f6d4fcf93de19ed89e55bf90acfd90979ca2f3dd2a1a186c0ad5c63771762549 [22080ms]
2025-01-29 15:28:52.548 [info] > git show --textconv HEAD:.npm/_cacache/content-v2/sha512/6a/a2/3d20dcad565df41a2a49a96ef4a6c2618a61896fe4f4c3595a081be6229ee8198eb96fb6fd0f426d88f79f606fe7c6130e3f3e295490de0ecc7b14626d90 [22074ms]
2025-01-29 15:28:52.548 [info] > git show --textconv HEAD:.npm/_cacache/content-v2/sha512/6c/2e/c496b7496899cf6c03fed44a2d62fa99b1bdde725e708ba05f8ba0494d470da30a7a72fb298348d7ce74532838e6fc4ec076014155e00f54c35c286b0730 [22065ms]
2025-01-29 15:28:52.548 [info] > git show --textconv HEAD:.npm/_cacache/content-v2/sha512/6d/25/d02db7f45a606d5d2b49c73170b389df1c0d4c0070144017c6357d534aa97eef3d39b3ff8527a7802e30199d518715d324a11dd241e1d4bca893c7f19e33 [22055ms]
2025-01-29 15:28:52.549 [info] > git show --textconv HEAD:.npm/_cacache/content-v2/sha512/6e/e4/46d1fa41b511d24c238049eea10f6e7cb44b9b16844b6f864d03a3713151cdc3680e7301e8f70c9a6e5ccccce039cfdc40f4bd4a36393f36de8c4fd698a3 [22021ms]
2025-01-29 15:28:52.549 [info] > git show --textconv HEAD:.npm/_cacache/content-v2/sha512/72/24/4872f77f4c61b9e17a8ca627b6246836420796b52f8b5f84fe591ccc2a795870cc24e4221ed140b2db05580f8829fe5179789e5e95ad445fde33967c951c [22013ms]
2025-01-29 15:28:52.549 [info] > git show --textconv HEAD:.npm/_cacache/content-v2/sha512/75/6e/35bb955f2d7bbc4898796f0466c9851b028481ddcf6e421e8bf21fcab6c15110f5a96d7d65ae58c9a35f3a25ce2799c8bfb06519f5ad1ad09db381fab687 [22007ms]
2025-01-29 15:28:52.550 [info] > git show --textconv HEAD:.npm/_cacache/content-v2/sha512/76/af/aa7a543d6a41e970e97f8145514f15483a4009d70477400bdbe11b158d2f285681630c64dcebbf702589949a49d41791f030b3a06f93be6b72b17d66a93d [21995ms]
2025-01-29 15:28:52.550 [info] > git show --textconv HEAD:.npm/_cacache/content-v2/sha512/77/ae/5b36521a771be96ff03669b55d96a2aa579eb78ee4676755ad93ab35b0847cb8db1747bd31a88cd5ab155fd5e4ea0ee9f04f632473311e69ecc2293661c0 [21985ms]
2025-01-29 15:28:52.550 [info] > git show --textconv HEAD:.npm/_cacache/content-v2/sha512/7b/6f/c796ad98140c17690c74f6f1de5fd3e1a8717403c3c05d6c60d357c4eeea11508c02838c6089cf6bfd63f79b1fcecb781f2a5c83963650938f85dd0e85a1 [21976ms]
2025-01-29 15:28:52.550 [info] > git show --textconv HEAD:.npm/_cacache/content-v2/sha512/7b/79/d17e07d4678acd18bdb7da05205f4e90372c9ecf4e0a76316b17e2d34683979ab3a014a0e0e0109db235bc1274faf5ea9d606991a49c223d560dac2696de [21960ms]
2025-01-29 15:28:52.551 [info] > git show --textconv HEAD:.npm/_cacache/content-v2/sha512/7c/1d/d9bbddae71abb4890d0930215013b6ff76ff0eb74ecd23729a64890850d5eaf3693878102a51a9de5df95e198f495ac91e4bdcbebb49d7332b2972e42b0a [21955ms]
2025-01-29 15:28:52.551 [info] > git show --textconv HEAD:.npm/_cacache/content-v2/sha512/7c/35/bf119e90f5188ef1e146f078feeeefe85be5eb3d320287008e336fad87603a39b943b58608a6f7bd9be2af23d6780bda9211795a191e9b4c460745eba094 [21948ms]
2025-01-29 15:28:52.552 [info] > git show --textconv HEAD:.npm/_cacache/content-v2/sha512/7d/4b/bc2f337ed20ba0f4cee18f39388a134422e2d5c0c2e4e272cbea65daa4cc9abc68ceb79338c7142f28f5ffe8db89a6ad0f2eaa021504f5e6c8e3b804621b [21925ms]
2025-01-29 15:28:52.552 [info] > git show --textconv HEAD:.npm/_cacache/content-v2/sha512/7f/01/570b02751d5c7826ad4bdff3ff5a38eca04fe4493099b9f4c67253eb45dcd84e96569409834a8bdc758eb1647f97050055ccea6de45bf32dfb7876c75cdd [21908ms]
2025-01-29 15:28:52.554 [info] > git show --textconv HEAD:.npm/_cacache/content-v2/sha512/7f/05/faec00d279d646fdff701802beb7857cac3ea9914e8ea68d9ae57195bdfaeafb2f5ba87dd4e4b8d932e59ed5877cd232bd761bed6ee2f2c0ef94f3dc13fe [21899ms]
2025-01-29 15:28:52.554 [info] > git show --textconv HEAD:.npm/_cacache/content-v2/sha512/7f/46/35a44be1b61b0229c739038cc88ab6ff661394d01eef82439dd671f8fb67ce9d109e4ddf118610ada35baabdb2567a69d5ff69d3609f2a236785e4704a16 [21891ms]
2025-01-29 15:28:52.554 [info] > git show --textconv HEAD:.npm/_cacache/content-v2/sha512/7f/c1/1b954e21eff774de54cc3c190e17a39d80be9be7891bc1d1c18aa901910eb116e322b7922252072caa645547544dfe309e2e9d38418168327d455525db0b [21871ms]
2025-01-29 15:28:52.555 [info] > git show --textconv HEAD:.npm/_cacache/content-v2/sha512/80/58/9fea1d5cd04840bb6228296b6b832f02eab2b75def2ae06b700e34c458c330b936bd06a44b280d7595c99e6ac70792686ad2945aa1597e0b079e913a78b8 [21852ms]
2025-01-29 15:28:52.555 [info] > git show --textconv HEAD:.npm/_cacache/content-v2/sha512/80/cb/4a4a8c8b5d714d0b56a6b9450eda2bc08eb7b88bd8008c39a741312ed6bdd52aa73b110850225ec2b33c5badb8b190ba1ecd0cf5202b7fce8e2b4ea6f176 [21844ms]
2025-01-29 15:28:52.555 [info] > git show --textconv HEAD:.npm/_cacache/content-v2/sha512/81/1e/45963b1cd37bf045f5affd040607b3297f403717d695d8bdc501d56c64a1713f56a8fe59c0e6459a08fcbe439355cb90efafb94102d69026dd0403d9e2f7 [21833ms]
2025-01-29 15:28:52.555 [info] > git show --textconv HEAD:.npm/_cacache/content-v2/sha512/81/a3/6f012ed367cf7bfeb55a6749ccb40cb13728bfa5d6e36c0c14a4542937bd06aa755f3a25e979450c291066cd769243c0dd4d7e3fd26b3adabd8afa113a99 [21824ms]
2025-01-29 15:28:52.556 [info] > git show --textconv HEAD:.npm/_cacache/content-v2/sha512/81/e0/fd4d0d4f67f370ec46fb6640f7ebbaeb4a77fd028bd30d4c180488d5e034214f63361475a5bfb6ff24e0d65626b326938a6bc8c91571d8080fd1df1f6302 [21818ms]
2025-01-29 15:28:52.556 [info] > git show --textconv HEAD:.npm/_cacache/content-v2/sha512/81/ec/381ac5e2ccd81da11caa9b27cc1f20265ec64393a987912c59142cd6f60c256ed396e38083b586af33ecbeef6a83fd5ab6979e7490c179d834fc7ce2c9a9 [21801ms]
2025-01-29 15:28:52.556 [info] > git show --textconv HEAD:.npm/_cacache/content-v2/sha512/82/7a/1564033d2a9ba5267aa78fb5fa031bb25829cc93d3d6fbd2399f5450bf8039fadb9ae08efeea3a7c93c238840d9bccaa3e5759c1934032e5169d5cf0346c [21793ms]
2025-01-29 15:28:52.557 [info] > git show --textconv HEAD:.npm/_cacache/content-v2/sha512/83/b9/c7e8fe9dc838a8268800006a6b1a90ad5489898693e4feba02cdd6f77c887ad7fb3f9cfb1f47aa27c8cc2408047f3a50b7c810b49444af52840402cb08af [21786ms]
2025-01-29 15:28:52.558 [info] > git show --textconv HEAD:.npm/_cacache/content-v2/sha512/83/ce/3a2efc2537657f6dc4d5ca1728a6d86495649e7942aa057247102e510b3074f1ac28d1d5001aeb993723e5fb06ac464ba4b49377b0c764dd7644bfc427bd [21776ms]
2025-01-29 15:28:52.558 [info] > git show --textconv HEAD:.npm/_cacache/content-v2/sha512/84/a7/fb931ace8c8e669fa359579c5bb88f33f99ce64eff3a2c8a3651b28191768dd48cade984a31910c3e9c538213850dbd0c87dd2bef9d81cb364b056788a59 [21764ms]
2025-01-29 15:28:52.558 [info] > git show --textconv HEAD:.npm/_cacache/content-v2/sha512/84/aa/2b9896e426acd01a1ce26b1e4f22d0d44cc00cf6e1365d7426337eddc9de2154cfb969597ba15c4c554895427da809014dfcb28265dbd2334a4546a6d299 [21749ms]
2025-01-29 15:28:52.558 [info] > git show --textconv HEAD:.npm/_cacache/content-v2/sha512/85/d4/97bddaa02603c7f54cf7cd38c60e5226e629d1f37fa1901f127cb06824ba7e3aef88ec82c3e491a8ecdab160015ce77fd66a5c7d403458c5a092d90d05d1 [21739ms]
2025-01-29 15:28:52.559 [info] > git show --textconv HEAD:.npm/_cacache/content-v2/sha512/85/e4/26fd8457877443f019f96f98a135bbb7f65f4e556b80a66fd099d01d66c84f16f162ec1f0a2a305106e7c2e7f76878690d6bf11bb88a50abf1e813aded48 [21728ms]
2025-01-29 15:28:52.562 [info] > git show --textconv HEAD:.npm/_cacache/content-v2/sha512/89/c9/401de36a366ebccc5b676747bed4bdb250876fccda1ab8a53858103756f1ffbcf162785eea7d197051953e0c0f4ff5b3d7212f74ba5c68528087db7b15db [21719ms]
2025-01-29 15:28:52.562 [info] > git show --textconv HEAD:.npm/_cacache/content-v2/sha512/8c/f9/7b8bc485a25ab8d3004dfc2a5f67a92def61f1f35bbb6d063e89dc4f64d9c7f782b06def43c0ff7511ce409efe1e1850b00cab936865b9dce47f5c6f5778 [21707ms]
2025-01-29 15:28:52.562 [info] > git show --textconv HEAD:.npm/_cacache/content-v2/sha512/8c/ff/c6afaedcfe786abf72de0deaebc0cd5a191103327991662b7b7ef2c3ee4f8932cbb2a5379e87f54a2ad5ce8dbaffcfb861323e863604ac435433e8f718a7 [21677ms]
2025-01-29 15:28:52.563 [info] > git show --textconv HEAD:.npm/_cacache/content-v2/sha512/8e/5b/34aa0a31790be943ab86b41e52bcaa0172a1e2512a1e621745c1639a77c23e2ee95028d5333d143577c444ae6d8367a67c0f64db3a021f927dec2387f70b [21667ms]
2025-01-29 15:28:52.563 [info] > git show --textconv HEAD:.npm/_cacache/content-v2/sha512/8f/16/b22ca4a1ac4aaacc9d1eba641b5614d840cdbb09f4f54f7e7e8028031682fcd892ec5ea4c9efacefe80d182ce8049cb50cbcbcec0ec188ae5f0d1694f681 [21656ms]
2025-01-29 15:28:52.563 [info] > git show --textconv HEAD:.npm/_cacache/content-v2/sha512/8f/35/5a958a1e6ec5d05709e6ca73e185c16e9f74d4348ba8978f0dc986fc411def9bcdfa6fa244cc65b328d44ae435d82c2ece5b2719512bd72c3adacc027a67 [21648ms]
2025-01-29 15:28:52.564 [info] > git show --textconv HEAD:.npm/_cacache/content-v2/sha512/90/2f/49093dbbb3916d7d6b6759036a55c6d8d5381cd366cdf8e189c2160c3768d349af7dfc8cf27b0ba219e61d1e7db1d33b16ca9c303dbe75fdddd7dfa8829a [21637ms]
2025-01-29 15:28:52.564 [info] > git show --textconv HEAD:.npm/_cacache/content-v2/sha512/90/30/8621bc640d25c4ddeb896595f373ab68edf0ab287348fe149142746e43e0568c537367088517c7e3ffaa36b761bdfe34e3f0f4886137c22de94b644791a4 [21628ms]
2025-01-29 15:28:52.564 [info] > git show --textconv HEAD:.npm/_cacache/content-v2/sha512/90/5e/f9aaf985c4a05045edff319c7141107cdcbe64d6f28e72774352df2d859f1935cb6fd36ef535c9ee61d4bffc7e7e9fb1b57f5271d5cfa9c9e7c1228a55cf [21614ms]
2025-01-29 15:28:52.565 [info] > git show --textconv HEAD:.npm/_cacache/content-v2/sha512/90/a0/bd7218e55ec65cfa7ec1b9b6eb0adac269040025727509779283d6fd84d1a8d26beb50221a8b3fa2936ca01a50cbfeeac4fa95480e612729eeec1a98f58e [21609ms]
2025-01-29 15:28:52.565 [info] > git show --textconv HEAD:.npm/_cacache/content-v2/sha512/91/a1/89c12075f9ad0484870e8c964d240974a1bd42bbc19d61f555e4379023aa67b3871e499d42f27da95a34b799d0c6ba5dc580b2eed924b753c0e7e5bac20d [21597ms]
2025-01-29 15:28:52.565 [info] > git show --textconv HEAD:.npm/_cacache/content-v2/sha512/93/fb/c6697e3f6256b75b3c8c0af4d039761e207bea38ab67a8176ecd31e9ce9419cc0b2428c859d8af849c189233dcc64a820578ca572b16b8758799210a9ec1 [21591ms]
2025-01-29 15:28:52.565 [info] > git show --textconv HEAD:.npm/_cacache/content-v2/sha512/96/54/2c30b4940d43d3e388ddad4fcedfbaa59e27e2b433fe670ae699972848ac8b2afb59c69c95d27dbf6c3fcde2d040019fe024475953b28cadaa0ad7e5d802 [21581ms]
2025-01-29 15:28:52.566 [info] > git show --textconv HEAD:.npm/_cacache/content-v2/sha512/97/72/c2b85e8c8033704c32a47581848a1623b79a513db120e3aaed9669d23e551b82607c2ce22b2896d86050526e73da25ec4c2ad88f3bc8667918d1cf64ddf8 [21567ms]
2025-01-29 15:28:52.566 [info] > git show --textconv HEAD:.npm/_cacache/content-v2/sha512/98/9d/e6f3ccfd1b81163fa78dae00992d4f5179d1dab34f842a4250159131ebab3adb2e27a47cc1b05962ad3b7578125daeeac3becd4422e24e3bcbfd3f31929e [21559ms]
2025-01-29 15:28:52.568 [info] > git show --textconv HEAD:.npm/_cacache/content-v2/sha512/9c/14/a8612e8f12b002d714513a0cf6729cac6cde4bd1004cb7f2ba58c32c4c8587549c6522a8832fef9740fec672a468ce76b8199e41f1eea45a7db369f214cb [21552ms]
2025-01-29 15:28:52.568 [info] > git show --textconv HEAD:.npm/_cacache/content-v2/sha512/9d/2a/c36b62073479289ece692373ff90e62f322a0f6e98877838754eca30621c750b808dddcee4031df69f5a415b73ccee54c446ce5acb3f32965b09bce2cc00 [21533ms]
2025-01-29 15:28:52.569 [info] > git show --textconv HEAD:.npm/_cacache/content-v2/sha512/9d/38/ea7dc045122a4a7570afe180d05827e670b64a9bcd65745d29028a53bf2ac51956dc47a3ff54001de46ecdfb4b53afc42a894d2d15a743e852b836d27038 [21526ms]
2025-01-29 15:28:52.569 [info] > git show --textconv HEAD:.npm/_cacache/content-v2/sha512/9d/bd/a6c8c41d5a989df9e963f68b6901e05bc070eacd1ccc9e86b76533f8e8b663a08b82a67bddc0f68a95023fed3586101451d11606027553c9a06f881cc451 [21511ms]
2025-01-29 15:28:52.569 [info] > git show --textconv HEAD:.npm/_cacache/content-v2/sha512/9e/0c/021cfa28a7df73597fd9316390aca27a81b26391acc488997a25167c04c049dd76fa5445628e59c67094acbe0ae9f92f7239ea960191931da870ccc07df0 [21489ms]
2025-01-29 15:28:52.569 [info] > git show --textconv HEAD:.npm/_cacache/content-v2/sha512/9f/f4/a19ef0e2e851db6d57ef8aba3e5a88e2173bfeb3c30f30705ccd578f7d4a4324bc282d3d21b759786300426e2f29240bde104767907c8fc933ff9b345fc2 [21478ms]
2025-01-29 15:28:52.570 [info] > git show --textconv HEAD:.npm/_cacache/content-v2/sha512/a0/3b/d68d618ad441fb74c235c40df7170024d47bfc957705d4257d8aa5da6df69bf6aeea5f4170452382aa410734ab4112a86ca6e5622ba5afd37ee752f5c8ff [21464ms]
2025-01-29 15:28:52.570 [info] > git show --textconv HEAD:.npm/_cacache/content-v2/sha512/a0/9f/65e43963cf10ea745d028f2a45fa5568e74ee261f8bb7e3bf8067c2b611e4493e08b7d5d929d23dc94818a8366efb2dca1169baad06c40eed7bfd05cd048 [21454ms]
2025-01-29 15:28:52.570 [info] > git show --textconv HEAD:.npm/_cacache/content-v2/sha512/a1/59/73920dc4340842936cddbfb209c1dfd0503e33d91c51c2991c198f29b0255c09864dab8c189d55802c733e6ebb6e26378f5a2605fc2966b83afc0a1e7e92 [21439ms]
2025-01-29 15:28:52.571 [info] > git show --textconv HEAD:.npm/_cacache/content-v2/sha512/a1/c5/acf0eceddc8468ec27533245dbd0157719d8eac0fc2c15ddfa6bf661ca5c3e8d40e54e513ec3bea8e4bcf4567e6dd1904838ac26e275f9249a1ba53b73b2 [21432ms]
2025-01-29 15:28:52.571 [info] > git show --textconv HEAD:.npm/_cacache/content-v2/sha512/a2/80/3387feddc481b9fae0e2935cff45dd6f962d3edfc8b36611b349adf817047b21b7a53d608229234897c8e52ff17b111bf2f020768cd78cd44f62f665cc01 [21425ms]
2025-01-29 15:28:52.571 [info] > git show --textconv HEAD:.npm/_cacache/content-v2/sha512/a3/9b/123ca12483f0c840d987e37574fee7ab2eba7355e764521f2d18dbda797a5fa6ec2329e9e54a8c7fd8efc14e5654b447be246eece58844cfad3c3e500744 [21415ms]
2025-01-29 15:28:52.572 [info] > git show --textconv HEAD:.npm/_cacache/content-v2/sha512/a4/ad/b215cd8a7baeabbde1fa8aae9826beb7bf9e5c14fe9fb36c61a09ed150683ebb0c00a4c968777230566f3312d287e002ea4af686405e1c35e9acc80a5dff [21410ms]
2025-01-29 15:28:52.573 [info] > git show --textconv HEAD:.npm/_cacache/content-v2/sha512/a4/c6/53bc8913d5df93146bc33aaa1d39c971d105a49208ba4dda1af200bc7df18002acfda733d36560326dbb071e8103ff3b4cb64bff5686136324a1527f3584 [21405ms]
2025-01-29 15:28:52.573 [info] > git show --textconv HEAD:.npm/_cacache/content-v2/sha512/a4/cf/26cdb599da90aa3802e2db94ac7d496e0529b3d08b7144468010405a14c7f2a5b726253d99e88e5cb7a4362385d34f7ba0d796d248b49b06cff6c8931a6b [21399ms]
2025-01-29 15:28:52.573 [info] > git show --textconv HEAD:.npm/_cacache/content-v2/sha512/a5/07/b604cedb33cfb1d3f19b026d3cbc345aaf66c8b63454861295e54793bbc62ddd3296f732ecafb284d670ad15a22848ab16d55f36ebe838c3fbbff1097296 [21393ms]
2025-01-29 15:28:52.574 [info] > git show --textconv HEAD:.npm/_cacache/content-v2/sha512/a6/04/5ce21278fec363582492f409a74b8d31ddb34c0d39271e02f951a3014ccc899d4f741205a1d51cfe302f5e16ee01b8dfd4c198ca42e63fd6fdeb33b1cc7e [21382ms]
2025-01-29 15:28:52.574 [info] > git show --textconv HEAD:.npm/_cacache/content-v2/sha512/a6/3c/b66d8852b2e7f05a52b03dcfa5ddc37bfb0b8994aeaecf461d2443a54036e5ea3a3f6253e2e266fc6a0524542f0117b57c36ecdec8f36a464b00de1ced29 [21375ms]
2025-01-29 15:28:52.574 [info] > git show --textconv HEAD:.npm/_cacache/content-v2/sha512/a7/a3/29e7fb32c16a8dfa5aff56e74bc0a16f2ae1155ef4f25590cae6009681231f25a787959d1706b9eb143e6d541fdc62cc7027655cb588a50f0e08edb55265 [21369ms]
2025-01-29 15:28:52.574 [info] > git show --textconv HEAD:.npm/_cacache/content-v2/sha512/a8/81/82e772ded00154368dc7acc3393282999d5adb332df63c1396e5d19770c9e21d46ef9f69c0282eea510dd646e90119f69b4ef6a4ad7b96362ce2ff401be2 [21363ms]
2025-01-29 15:28:52.601 [info] > git show --textconv HEAD:.npm/_cacache/content-v2/sha512/a8/fe/83d13b5eaf3428776b004123cca509b874167c72bc1304ffe48725505a3f324f25e5c0d0742f6a698d07d044805533bd49bb3bb756aca2eea56ffb151916 [21378ms]
2025-01-29 15:28:52.602 [info] > git show --textconv HEAD:.npm/_cacache/content-v2/sha512/aa/17/2df16e80598c09f3fa5e3599573084035438257db4cbfcac81dde8de6a79a521f2455dcae582dd99d0dbbe3a0e31fc67f560c1ce905c27bc4a6ecd378bc9 [21371ms]
2025-01-29 15:28:52.602 [info] > git show --textconv HEAD:.npm/_cacache/content-v2/sha512/aa/81/999af8c326d60692f8ac1e2370b006643e81857f8af19e67a15583a7fabb13c706a5fccc9d5264a66b3ced188772a94a4eb64c9711aefd72d4f572aa53fa [21366ms]
2025-01-29 15:28:52.602 [info] > git show --textconv HEAD:.npm/_cacache/content-v2/sha512/aa/89/4a7da78711b691fd635577094e2368ef78de56939b138a138f61b0ae3beec79ae8d5cb698612a2281652ee773d9a5a014a3fd9d73312a7aecccc800c3acf [21360ms]
2025-01-29 15:28:52.602 [info] > git show --textconv HEAD:.npm/_cacache/content-v2/sha512/ab/03/4052a178bd7bead4eba624cc924a1a066659c448bc6ad9f7d5c78c7b8c4e36dba6181ed0933aba29547c86b20a1e743cd5daf98df796341ea27a5a74d7e9 [21352ms]
2025-01-29 15:28:52.603 [info] > git show --textconv HEAD:.npm/_cacache/content-v2/sha512/ab/6f/f4511890db77d6796e98cd7cd98a896c00f751bd7e6e36473eceba0c74d09bcbe33b271c7b389bf2b456a730605a953d4ad432a8263e17c5d1018ffae2a0 [21347ms]
2025-01-29 15:28:52.604 [info] > git show --textconv HEAD:.npm/_cacache/content-v2/sha512/ab/b3/d6183c56f4f3604c1d0e3a94a78ec436610e02a69b7ad1f584a0de6f06776563d9ca67b9b6f2c7793c1c0845cf548cd7cc2a794666e38a34a19c0db93f6f [21343ms]
2025-01-29 15:28:52.604 [info] > git show --textconv HEAD:.npm/_cacache/content-v2/sha512/ab/c2/b3d26bc9a7c36d7543f15ffcb51c098a870c2724fa62701ed4e3b51616d674cfdabcec39982588533a160fa36286066abba297024841dfc7e9630406d5b7 [21332ms]
2025-01-29 15:28:52.605 [info] > git show --textconv HEAD:.npm/_cacache/content-v2/sha512/ac/13/2f23396903cbfa13e489668a3ef87018aac2eb920ecc49f2229cc3c5866928af0ed7f9d39754942cf904faf731a4cccc9f0e720c3765a2775f8d6cbdd3f8 [21327ms]
2025-01-29 15:28:52.605 [info] > git show --textconv HEAD:.npm/_cacache/content-v2/sha512/ac/98/134279149c7d6c170f324fa552537cc3dec5a6bbab19848b1e63c557f8646edcfe85ec5bbe24d0e85df9251256cb2529dcdc55101d57b8714e618fe05c52 [21320ms]
2025-01-29 15:28:52.605 [info] > git show --textconv HEAD:.npm/_cacache/content-v2/sha512/ad/02/588f9ea92347daadd9561126c851aa06c2155939072e1c440e568791e4d02a586f576dac7a8461dcfeff1c3b12982e5128061d4b46dd767ba80b3a419458 [21315ms]
2025-01-29 15:28:52.606 [info] > git show --textconv HEAD:.npm/_cacache/content-v2/sha512/ad/7e/3f6cf71f9afc470efd178df2442d34ebfa207eb67d37da73c82ea1e6e706ed854514b95b4d186ab38726bd5d4c634cff05a6bd2a62049964ac4663efacbd [21309ms]
2025-01-29 15:28:52.606 [info] > git show --textconv HEAD:.npm/_cacache/content-v2/sha512/ae/9d/d2a34eca71d9a629b1af81a37141226bedb1954959394bd12ad45fa9a5b468ef4f9879a0f1930e4377c34f37e183e9b8e7626d95b8fb825e6a6e62f9825d [21303ms]
2025-01-29 15:28:52.606 [info] > git show --textconv HEAD:.npm/_cacache/content-v2/sha512/ae/b8/217c7c879a7b737e349212e66c5d91421e649a1ac16bd5936ab74651fd2558f3b1b03d5cce0f3a28d9885a451a0457ca9a0073cdfb98ac5de20decb768e7 [21297ms]
2025-01-29 15:28:52.608 [info] > git show --textconv HEAD:.npm/_cacache/content-v2/sha512/af/24/b90ab089f642e8c0f9509448c23be9294078047149eec19a71a86fdd8d8f7d7a51bc1883d9cabc959b48ec58504a90bfadb23318496541bc07f3e467bfd6 [21289ms]
2025-01-29 15:28:52.608 [info] > git show --textconv HEAD:.npm/_cacache/content-v2/sha512/af/87/2136069f118a4ac38d156841f6e52c03d877cb0dfb7c1ffe0af124603155bcaf4b129a0890391f8dcc0d6c826e6be26476d131821a214d9f9cca8fd274e0 [21282ms]
2025-01-29 15:28:52.616 [info] > git show --textconv HEAD:.npm/_cacache/content-v2/sha512/b0/f5/38b95edd625bed589c70c311c3d0fba285536213b4f201b439496c43081f66518bce82ba103b061040e28f27c0886c4fb51135653a82b5502da7537818be [21279ms]
2025-01-29 15:28:52.620 [info] > git show --textconv HEAD:.npm/_cacache/content-v2/sha512/b1/34/9f063a17069f3d26f20a21e7eac3b53608279bb1cef892263a6b0886a202ada1219b823604fc6ffe97db05dcc5853cd73d21ca0e0b83837ca1dfc459a9d2 [21281ms]
2025-01-29 15:28:52.620 [info] > git show --textconv HEAD:.npm/_cacache/content-v2/sha512/b3/4d/7434355d73f2b2a92ca600b8aa51ade578d1dae1b3f8d44cf8b827749ad1e4f753e0070852449f640d203209f667d6660e0d8f21de287bbe9cc1647bd267 [21276ms]
2025-01-29 15:28:52.621 [info] > git show --textconv HEAD:.npm/_cacache/content-v2/sha512/b5/e9/5088afc40dfc4db03ca5bf4e7e818fc5bb41c70bf380d28d57fe5f6a6f21838d21358072db6e5563088eed055ffaada3eb2d6bfc2106cdd267f7cbd156bb [21263ms]
2025-01-29 15:28:52.623 [info] > git show --textconv HEAD:.npm/_cacache/content-v2/sha512/b7/33/7c7b84d7f3e924c463caf03e6ed053668cf523c379700bd9522f1c6807ff86b6c246f7508ef1b496cbbdc03e580067365b5c461926ec639071f6c3e13387 [21257ms]
2025-01-29 15:28:52.623 [info] > git show --textconv HEAD:.npm/_cacache/content-v2/sha512/b7/ca/b7f81efce16c2fb0a466868e2559c09b27120cbeba7dfd34f37bc9c42026d18753dab4c03c70bcfbdba26b5975c5d9d3b6769e2967e5889fcba49158dcac [21248ms]
2025-01-29 15:28:52.626 [info] > git show --textconv HEAD:.npm/_cacache/content-v2/sha512/b7/f3/98861276483f9818141c8d8f06cf30c7124f5fde77abc63b5f6bab653177deedfaecfd6a3386f08da06be93343f76cd7f71aae5944c946af97f7af8fcdf0 [21239ms]
2025-01-29 15:28:52.627 [info] > git show --textconv HEAD:.npm/_cacache/content-v2/sha512/bc/41/a7fcbb1e2be4427d9b4489a0cbfcbe08219497ede7339caa652bdf1e65766717e2a686c4067abf4a49283a0e332dbb4b43870605cc75f5397a4be01e9296 [21221ms]
2025-01-29 15:28:52.627 [info] > git show --textconv HEAD:.npm/_cacache/content-v2/sha512/bc/5a/d65ea0b63b5e2163c09f75cf403f8ec38cb437e1434ed373909a011314ca9be590be5935d2626e0c81da4a24db47078f555fc754e0e5530d54ae1a406657 [21210ms]
2025-01-29 15:28:52.627 [info] > git show --textconv HEAD:.npm/_cacache/content-v2/sha512/bd/85/3ad518dc8595f1b5443d40b256eae27b722f759c702a1fa57ef8fb0ef5f20041e69b03107a3b48cf04a40fe82ded89811166d175526f081977e838f64940 [21184ms]
2025-01-29 15:28:52.628 [info] > git show --textconv HEAD:.npm/_cacache/content-v2/sha512/bd/ed/8a3fa7ff2676cf045ca86c61ee7ab0bd8351581a7fc5f27d4b593c0dc4213377a21fa93c1441c357804b66990e83951ac2d61ad2ac19c264fa2446b0c78f [21175ms]
2025-01-29 15:28:52.628 [info] > git show --textconv HEAD:.npm/_cacache/content-v2/sha512/be/ec/8783cd6fbd603567510b7ef2e4a3673c7f7e20c80d336a2734f9196573995b0a76d2caebdbd8ec699ba4c05000bfdb164ddd01aac41360803d67351d807d [21170ms]
2025-01-29 15:28:52.628 [info] > git show --textconv HEAD:.npm/_cacache/content-v2/sha512/bf/42/599a88c1c95629bd0612fb19954f1c17a30c4e8263698130aaa421dcf5d5ebeb2d9069ee7ee6836767a70dc30bf640bcd6049faea5ef2a86957bb241b9f2 [21165ms]
2025-01-29 15:28:52.632 [info] > git show --textconv HEAD:.npm/_cacache/content-v2/sha512/bf/73/179d901cbe7cb091350466898801cb657bb4575de79d391df5c3097b565ca85cee108bd6abbd27a73505a77b54dc4708422f51f02c8db56c4a9da63f3fac [21163ms]
2025-01-29 15:28:52.632 [info] > git show --textconv HEAD:.npm/_cacache/content-v2/sha512/c1/7a/e17819d6f5f809287ddc89b81517d97b5a3552bf61ed8d604f620b39524af2552c436efa3382c776767023c542927d209f44906b2e8ef1533646c03eed4f [21157ms]
2025-01-29 15:28:52.633 [info] > git show --textconv HEAD:.npm/_cacache/content-v2/sha512/c3/3e/e9c8e806a95eed2b1ab97d805885f8451b1e6d205f8056a6a5fe0ae25dc8cdf127c17f9d027d4db314f9132d68caecadc78f3196b382fc631149ec6285e1 [21153ms]
2025-01-29 15:28:52.633 [info] > git show --textconv HEAD:.npm/_cacache/content-v2/sha512/c3/c2/6b5e73be79bb0f0fea7b6757632bc29640ea1b0dcd51efeeec4dbe838b6f0928184b83d21e937ec52011e40150ca22e3dec5edceac789274520ae132835d [21147ms]
2025-01-29 15:28:52.633 [info] > git show --textconv HEAD:.npm/_cacache/content-v2/sha512/c5/df/5f2894b09a99adce823a7e947810e3c21d8cb0076f2f2ebaacb05b08b50a2e149f1ad04a7e758e9e53e6b184eaaf663040a6cc6daed2060a3069c865ddd1 [21141ms]
2025-01-29 15:28:52.633 [info] > git show --textconv HEAD:.npm/_cacache/content-v2/sha512/c7/24/e11bf4207b1a9bde90bf8253446929ea920630df5cd9a27451195202365a2f2d56d786119e91928e6eca6effad33472dde093db49c5589cbb7e12d0c2d9f [21135ms]
2025-01-29 15:28:52.634 [info] > git show --textconv HEAD:.npm/_cacache/content-v2/sha512/c7/45/67f2ca48fb0b89d4ee92ee09db69083c3f187834d1dbeca4883661162a23c4e1128ea65be28e7f8d92662699180febc99cef48f611b793151b2bb306907a [21130ms]
2025-01-29 15:28:52.634 [info] > git show --textconv HEAD:.npm/_cacache/content-v2/sha512/c7/61/0ce9324ec9b79cedce76057d19b293e874cb1051de4be8f4703ae9d5c955215e205229fdc07b30cbf0382f82de68d147ca35fb80d1e30baf6c0b4f802204 [21124ms]
2025-01-29 15:28:52.634 [info] > git show --textconv HEAD:.npm/_cacache/content-v2/sha512/cc/9d/a6418335f2b1053ae75e57819285318843b45bcc0ee8cdb53d23f5c1a66ee4aa0332c209b294cc171f16499a45686249daf5dda95575573dd6133fd7a3f1 [21118ms]
2025-01-29 15:28:52.634 [info] > git show --textconv HEAD:.npm/_cacache/content-v2/sha512/cf/36/d7427f166d1a300a3ae134bc20da02158ffcedcaa6192f50e5b5820f2a4cf447720f9a780cb600f8b1f7faf88e7c7a8a0228c040dbbdae043dae160a3635 [21112ms]
2025-01-29 15:28:52.636 [info] > git show --textconv HEAD:.npm/_cacache/content-v2/sha512/d0/a2/3feb4ef1a31493a07ec68cdd457d26cba14d3e6ed4e2723b1049642587f859ca437c2a998c7fbb98c0f5b747e6a467a47fc35f199574870585e26143cede [21107ms]
2025-01-29 15:28:52.636 [info] > git show --textconv HEAD:.npm/_cacache/content-v2/sha512/d1/19/b38f1afe4f1a53fb33c0b8e9920c8040212582aa6e3671e814de4398f2cd709d7b8cd4a25ccc126d7e8c0e80db5d3280eba048acb644aa87f96c7719b3ff [21101ms]
2025-01-29 15:28:52.640 [info] > git show --textconv HEAD:.npm/_cacache/content-v2/sha512/d2/12/54f5208fbe633320175916a34f5d66ba76a87b59d1f470823dcbe0b24bcac6de72f8f01725adaf4798a8555541f23d6347e58ef10f0001edb7e04a391431 [21099ms]
2025-01-29 15:28:52.644 [info] > git show --textconv HEAD:.npm/_cacache/content-v2/sha512/d4/8a/e53df8e66a90a3f1b205640a302b774e18231aacdaae12b0db79c72fac718366a7d7c59fec4fd28ff9e749a267238560139c27c4b9f0a3abca825098e6c2 [21097ms]
2025-01-29 15:28:52.645 [info] > git show --textconv HEAD:.npm/_cacache/content-v2/sha512/d5/c0/cd77027625aa2199bdec8383a629a301c2e0b8f2c6278b91d4c360efb02f0b8c64cb2bd87e79bd57e91cae3877b8853d142c25baf22a26863528294aa53d [21092ms]
2025-01-29 15:28:52.645 [info] > git show --textconv HEAD:.npm/_cacache/content-v2/sha512/d6/ec/078303c408ce7d61fb5517c4d40d700616e73a34077dfd770e952cd9138cd4507f5c47d652d123b81c9bb54c3d3149c54d7e6212b476e113678e116245df [21085ms]
2025-01-29 15:28:52.648 [info] > git show --textconv HEAD:.npm/_cacache/content-v2/sha512/d7/a9/73a9a866c712391aa061c0ed45a20765ce7938aaec1bd6c9bc768c7a03d9df44798aff796542f7e19945c973a7dd73481b0252b16fd0b61a3e71f972c2d9 [21082ms]
2025-01-29 15:28:52.648 [info] > git show --textconv HEAD:.npm/_cacache/content-v2/sha512/d8/22/ace37c72ab27ec203a5c2a1aca48d609c49a7ef6203e4eb10fc700b4f261879b0baedf1c549c8cd9fae00e1990c617ad471be26007eff6dccf9a2b1ec13e [21075ms]
2025-01-29 15:28:52.649 [info] > git show --textconv HEAD:.npm/_cacache/content-v2/sha512/d8/6f/48dfcc8ad4abd5b4ea80c491ac41eeebc01591d6edd592a553823bba845fe202290465ed81846f8a5dfc2080dd5621982c164d6d73b7db98cd01bf5bb0a9 [21070ms]
2025-01-29 15:28:52.651 [info] > git show --textconv HEAD:.npm/_cacache/content-v2/sha512/da/b9/3c38881e77315ee83c4273c7427e76153e999617cf34a435bd7c0b0fb84ef3d697ab6647e06ed0fa7251c0e71e41f3dbe519686dd2de1bbbca0a8d2de693 [21066ms]
2025-01-29 15:28:52.651 [info] > git show --textconv HEAD:.npm/_cacache/content-v2/sha512/da/c2/46253697208691d70e22252368374867318ec6a5cfe7f03e2a482270f10a855977fb72e0209c41f1069c1e69570f7af0b69772a98d80b1dcdca941081a26 [21060ms]
2025-01-29 15:28:52.652 [info] > git show --textconv HEAD:.npm/_cacache/content-v2/sha512/db/c1/ea80c6409a28750b3b7d9f2eeaafa7a4daa75d17815c95b333c21091101e8e15f1fead7027b8d0b0a35ff016faed6e0b100dbe2449b5fd75ef6515bad79c [21048ms]
2025-01-29 15:28:52.652 [info] > git show --textconv HEAD:.npm/_cacache/content-v2/sha512/dc/1b/41d58a53c6660514cdf65ed95d027b7657dd6eaec601c01091b5e099e11fc9ef7650441d4dceabd1db72c49066db9fd938ccf8b60e3c6674185de18eae3d [21043ms]
2025-01-29 15:28:52.652 [info] > git show --textconv HEAD:.npm/_cacache/content-v2/sha512/de/8b/943a9421b60adb39ad7b27bfaec4e4e92136166863fbfc0868477f80fbfd5ef6c92bcde9468bf757cc4632bdbc6e6c417a5a7db2a6c7132a22891459f56a [21037ms]
2025-01-29 15:28:52.652 [info] > git show --textconv HEAD:.npm/_cacache/content-v2/sha512/df/ae/ab37cd80b076683bfcf39a67f005bfbb54b8c3c2cf7d2b91d68ed548c3cddb4a137e07399dc67d3b160c2631edde85f97cd277799397406cbd882b092e76 [21030ms]
2025-01-29 15:28:52.653 [info] > git show --textconv HEAD:.npm/_cacache/content-v2/sha512/e0/c2/7c3862a5e755b8cb351ec3983e1e929ee39b0b89106843fb796d86a185b78f26029521e522b3a76a05dc4f75d108e3a3e41ae79fd88ae5869dddaec9a1fc [21021ms]
2025-01-29 15:28:52.658 [info] > git show --textconv HEAD:.npm/_cacache/content-v2/sha512/e3/e3/c76f04205cd648511bb2b498b5f83dbb3101ec7f320e4c6809353ec0a86ed4084b945b97417883d6b496a968aedcac7705218ce9c557b88d5b50fdd28133 [21016ms]
2025-01-29 15:28:52.658 [info] > git show --textconv HEAD:.npm/_cacache/content-v2/sha512/e5/49/fe8d5a5e2286e1933eb8dda29e7d3040957037dbce51404665937ee253045ce9fee739279fd60c11c58ea4abff0176526cdde1e2f5d69448feb2e5a7f99e [21014ms]
2025-01-29 15:28:52.658 [info] > git show --textconv HEAD:.npm/_cacache/content-v2/sha512/e6/4c/fd49c9b305dcd3801ff7b2eb280a07ea343cc18ef2cbe2d6a96abb9f812be5c2374bcba532532f53fed0a961dd8621d2229426ad0b8892412d104981edd3 [21008ms]
2025-01-29 15:28:52.659 [info] > git show --textconv HEAD:.npm/_cacache/content-v2/sha512/e6/99/1310a20e6f9e8835fca7839434597a27b172a4baa548015275f7cf5c32d5e32d018ff0a9a7889004ccff039897d810cbe189b68f1674711c01f2aac8de1e [21003ms]
2025-01-29 15:28:52.659 [info] > git show --textconv HEAD:.npm/_cacache/content-v2/sha512/e6/c8/c8194fe7f57059364816432c36a251ef77719023c29bb6788f7dd0d04b5932af51eb2a817375fb1832abfa4c525679e570ea8f16edeaf87afea344a62748 [20997ms]
2025-01-29 15:28:52.659 [info] > git show --textconv HEAD:.npm/_cacache/content-v2/sha512/e6/e6/21b091fc549053bfba2c960e01ce7258843a1123ac1a602c4c9827674eb702ac703f7c214aa13173d8928a1341dd0c5505effa10ba1cee99724aee968145 [20990ms]
2025-01-29 15:28:52.660 [info] > git show --textconv HEAD:.npm/_cacache/content-v2/sha512/e7/92/4d2ae216fafab829ed418ce4e333661cb5022f093ec61731f099f64f1a8e709eb82489dd1842d9c095e152aae9999b86b3de7d814be7ab6f2e62a49760ae [20985ms]
2025-01-29 15:28:52.663 [info] > git show --textconv HEAD:.npm/_cacache/content-v2/sha512/e8/13/7db6b1fb6e9deabe7ad1cb3b01cfe837959c533594db54ed84575092d1621c0db6b0615758bc67e5304ffd40fd21d296250830424e361af67673303a72c5 [20981ms]
2025-01-29 15:28:52.663 [info] > git show --textconv HEAD:.npm/_cacache/content-v2/sha512/e8/39/c89e9c7b489d802b7f824d413f64cd2f59351ba1909e831842db1888c9d1d1f6336e4c001206b7c4a4786218e670fe75f9d5b1ede98425f23b06a38cbfd3 [20975ms]
2025-01-29 15:28:52.663 [info] > git show --textconv HEAD:.npm/_cacache/content-v2/sha512/e8/59/73b9b4cb646dc9d9afcd542025784863ceae68c601f268253dc985ef70bb2fa1568726afece715c8ebf5d73fab73ed1f7100eb479d23bfb57b45dd645394 [20968ms]
2025-01-29 15:28:52.664 [info] > git show --textconv HEAD:.npm/_cacache/content-v2/sha512/ea/29/96c998271e2c473014b9956818b3ff26698d30c933a3374d9d5a3bffce47559e722d2d86e6b180ec523e9cdc421ee12e3cb035887ae2058f908ad5768bd4 [20962ms]
2025-01-29 15:28:52.680 [info] > git show --textconv HEAD:.npm/_cacache/content-v2/sha512/ea/ba/53323d3f541ae863d2d7955eba417ef8754e47fe007f26b9ce09b2b04fb4057271c074a207f34f754fbf480494aa90063f344af4871a73b171cff18ab7a8 [20972ms]
2025-01-29 15:28:52.681 [info] > git show --textconv HEAD:.npm/_cacache/content-v2/sha512/ed/67/6d2c269201bb088d579a6fa54adff984e6b2564f339614e231502c18ae48143396ab819bd4853aeeea4cd6bacea8b7884bfa5412f23343dd3479ad514830 [20967ms]
2025-01-29 15:28:52.681 [info] > git show --textconv HEAD:.npm/_cacache/content-v2/sha512/ed/71/cdc47eea5fdc46e66230c6486e993a31fcc21135c3a00ebc56b0cb76a40af6dd61e9e8cad194dec50521690a9afea153b417be38894811f369c931f1b648 [20958ms]
2025-01-29 15:28:52.681 [info] > git show --textconv HEAD:.npm/_cacache/content-v2/sha512/ee/33/f7e824995bfdf3a24ae350d26bd3b608ef1a032c4830c50f3714b3d748e8c707fde256cbffb30bc6affeb4c7e065dbb6e7a959128115278d951a97e0f900 [20950ms]
2025-01-29 15:28:52.682 [info] > git show --textconv HEAD:.npm/_cacache/content-v2/sha512/ee/57/fba9c42275392ed06bb76033dcf03275abb38eb9c7dafc14ac2308ee879e9553b91ab45bee33c8542df930077167b3faec545ecfc0f295c35b25e4a412f7 [20943ms]
2025-01-29 15:28:52.682 [info] > git show --textconv HEAD:.npm/_cacache/content-v2/sha512/ee/5f/9521728bdf0c8f325544850b05e019139ae4268ca7726f7115341b3fa1523416e90df11aa94bf15c84c8bb1f71e0488acada4ee21885d44255cc502ee3b0 [20935ms]
2025-01-29 15:28:52.682 [info] > git show --textconv HEAD:.npm/_cacache/content-v2/sha512/ee/b0/310728d432a437fdb1c9cbb0fa3865efc7f30c73822a067fd7d1f70cd5051c008b6966b0446215867a6fadcd71fdd1cf86d35ca931c60904ef58df4db4de [20929ms]
2025-01-29 15:28:52.684 [info] > git show --textconv HEAD:.npm/_cacache/content-v2/sha512/f0/21/83beb063d73828daa13ea12de9382c9836a08faf23166366c67f003475c7e8a561a0c6cfbbf1d7f446cdeb73d4c73f82643a12ec01afb5e5576902a91c50 [20924ms]
2025-01-29 15:28:52.684 [info] > git show --textconv HEAD:.npm/_cacache/content-v2/sha512/f2/a8/87fb2f54c1da9136f167da4c5a501159ef020f91898521c51eb67e3ee55df54cc74c2340bc6e0b404ca03a1670778f7e06c8df38bc6057e863579e5a9d1c [20919ms]
2025-01-29 15:28:52.684 [info] > git show --textconv HEAD:.npm/_cacache/content-v2/sha512/f3/31/aaca97c4363088a868605d3a02f1a076afb62b057f804007c83ecfcc964f81b4f4f3b4ebd34b4d4d456ff7121eb427e6b8f25b7caac0b38ab43a9680957c [20913ms]
2025-01-29 15:28:52.686 [info] > git show --textconv HEAD:.npm/_cacache/content-v2/sha512/f5/d9/cda78d55113eb82ac5425ad73e37501b38b931bc00b4a2022db1a906d3fc91fb9ef6053cb9c3df6a800430564777f32aec34d5f0743677df33745aaa7b4f [20909ms]
2025-01-29 15:28:52.688 [info] > git show --textconv HEAD:.npm/_cacache/content-v2/sha512/f8/45/2ca863cbb0cfa3ff37428598ec9d7e758385eb1c53885f07e70953c695093f9398226a470ab2ec4239b051bba0d29bda29c3f3bab2559b25d82140ce1b06 [20884ms]
2025-01-29 15:28:52.688 [info] > git show --textconv HEAD:.npm/_cacache/content-v2/sha512/f8/59/9e2252962c7c46097170a55ab8b85d03b447b794577aa28ebd40acc7280c254c4c31acbd45974ce86ad37c30b449635458da75b259e3385962ccde7ea287 [20875ms]
2025-01-29 15:28:52.689 [info] > git show --textconv HEAD:.npm/_cacache/content-v2/sha512/f8/f8/b8d961e6232309343c0a40f306100ccf19f8216695e15189f38bbddafe9160c6eaf2ed96566c7663b8fe347a2465d00663dc3c29e5fad2119736b8dbfc01 [20869ms]
2025-01-29 15:28:52.689 [info] > git show --textconv HEAD:.npm/_cacache/content-v2/sha512/f9/de/3c830c1090390186e7690e043944b4f63ea9704e12a46ffb2a8116055a5129f3000583680d4befdb64b0bad5feb2315ca832ef61b6d69895b0fdf41fb1f0 [20858ms]
2025-01-29 15:28:52.689 [info] > git show --textconv HEAD:.npm/_cacache/content-v2/sha512/fa/14/f98165aa63f62b4b63f36fddc1b164a1a8bcbd4a334492be6b5063cc01ddc6b0f038583e7d403f369c264d275f348a70af12e915b64f116289f90466d503 [20850ms]
2025-01-29 15:28:52.689 [info] > git show --textconv HEAD:.npm/_cacache/content-v2/sha512/fa/c7/b44783069865370ccf76a482b2ab806d078044aa26e58a6d6117f8a57e7a225b33d0dd0947b9f8c6a9985677dcef7304cee9fac10622dd69f4dc1857f22b [20842ms]
2025-01-29 15:28:52.691 [info] > git show --textconv HEAD:.npm/_cacache/content-v2/sha512/fb/7f/2a23d48eafcb5f67842624da65314c6a8db7bb2cabef66059d13104e99df9e8194ed8cb07aec6bb41d15f7bbf5ceabb514d8dc7a9ec8ef4b5e99f6ec1fa6 [20832ms]
2025-01-29 15:28:52.700 [info] > git show --textconv HEAD:.npm/_cacache/content-v2/sha512/fc/85/ed6f0124e474cfc84c32297ea11a4617c4cf676e3eb807e8a55499c2fd1e81d291f91b85776f4a556cbec3063e2d921040a696d05257fa17a5e5f4b1eed6 [20818ms]
2025-01-29 15:28:52.701 [info] > git show --textconv HEAD:.npm/_cacache/content-v2/sha512/fc/d7/fb4f2cd3c7a4b7c9124e6ce015efde7aafc72bdbe3a3f000b976df3048fdc1400a1e5f9f0da07c8253c3fccc690d5d2b634d28ba7f33ba174a4175c61b12 [20820ms]
2025-01-29 15:28:52.702 [info] > git show --textconv HEAD:.npm/_cacache/content-v2/sha512/fe/8f/2c0a0be5816125e8182bde358a04f718aba7a8e7f7ea6f89eb1abb5127ca2b2bffd3c462cd8d31c294f24e865c85eaa4643ada528afa6b12287f6660e766 [20813ms]
2025-01-29 15:28:52.702 [info] > git show --textconv HEAD:.npm/_cacache/content-v2/sha512/fe/9c/8165648b0f69f475c1c4de1abcb3c66f7044c7b44b85fb713b5d5b74220da7bec5505dd8211d57049085a3cbd034c0a7d39fdedafcf48362884a2259cfff [20806ms]
2025-01-29 15:28:52.704 [info] > git show --textconv HEAD:.npm/_cacache/content-v2/sha512/ff/41/40f0bd343b12b07b4b30c32ec216038b9247ada6c7bbc580f253b5b8c63e627bd01f4819db6ac357c526a12bf9a6412e19129c914cc6cecc4275569a8785 [20803ms]
2025-01-29 15:28:52.704 [info] > git show --textconv HEAD:.npm/_cacache/index-v5/00/60/6a2298196c9cd65881a7267db2824adff4d9c24f0ed6d3a2ca4c81d3e235 [20777ms]
2025-01-29 15:28:52.705 [info] > git show --textconv HEAD:.npm/_cacache/index-v5/00/7e/a5bd3511e318236df4db4887607c6b2084f15fbb85ee874bd0659bea8fa1 [20771ms]
2025-01-29 15:28:52.705 [info] > git show --textconv HEAD:.npm/_cacache/index-v5/02/f6/18f92175c4c9cf143a8b4724c397e4995a0f86fa79f22cf2b8b812c5ecb2 [20734ms]
2025-01-29 15:28:52.705 [info] > git show --textconv HEAD:.npm/_cacache/index-v5/03/c6/b08c3c1e7780180f5329e1963e92ea160416e9dbbfab749ba4bf22a12563 [20704ms]
2025-01-29 15:28:52.706 [info] > git show --textconv HEAD:.npm/_cacache/index-v5/05/35/3823be4be0216c6b586c2eeec514837e4811d9f2cf65ab1e5bda679f7fdf [20664ms]
2025-01-29 15:28:52.707 [info] > git show --textconv HEAD:.npm/_cacache/index-v5/05/4b/f32fcee8c9f3069d0fd635c3a817312c71014bdb257d75e696f2e6e58099 [20634ms]
2025-01-29 15:28:52.708 [info] > git show --textconv HEAD:.npm/_cacache/index-v5/05/f2/5efeceaf581d5b606bdafad32623ddd75352cb1942290a9cd93d48923be6 [20623ms]
2025-01-29 15:28:52.708 [info] > git show --textconv HEAD:.npm/_cacache/index-v5/06/4b/6c1d4325f34a83acf333ab8a7d0e98a29bb01013836bc053b0634e1e8d0e [20601ms]
2025-01-29 15:28:52.708 [info] > git show --textconv HEAD:.npm/_cacache/index-v5/06/5a/98f8c4232b39b6ac68023a0bc186c128dffdec812a144648c26dac71f91a [20560ms]
2025-01-29 15:28:52.709 [info] > git show --textconv HEAD:.npm/_cacache/index-v5/09/fb/2407adde9d05bdd552950df201bc4af8db37f56e8a766823f9a3893a2107 [20551ms]
2025-01-29 15:28:52.710 [info] > git show --textconv HEAD:.npm/_cacache/index-v5/0b/bf/4226971e16d707d9180cd9fe4d4c5d07b40fa7d4311fe932f69a7fce4e53 [20528ms]
2025-01-29 15:28:52.712 [info] > git show --textconv HEAD:.npm/_cacache/index-v5/0e/0f/3ad568e842b7abd4d3162b05c32b24330260f841e4c89577a5becc8b2cdd [20501ms]
2025-01-29 15:28:52.716 [info] > git show --textconv HEAD:.npm/_cacache/index-v5/0e/bc/3e860ac298a0e1f2ebc7443600688e9009766fff3e452683186dee25bd1c [20489ms]
2025-01-29 15:28:52.720 [info] > git show --textconv HEAD:.npm/_cacache/index-v5/11/e1/1c483d2122bd9cb1fa851dc036984e3754849f699fe4eca57537ef5d33ee [20481ms]
2025-01-29 15:28:52.720 [info] > git show --textconv HEAD:.npm/_cacache/index-v5/12/38/2e12d41aa0fd17014667aa862c44517f202b9f49dae5234485812819c658 [20465ms]
2025-01-29 15:28:52.720 [info] > git show --textconv HEAD:.npm/_cacache/index-v5/12/61/455290931b30bfbc94a86ab8e6efc0d0698c0703ca98485308d5df7d3750 [20411ms]
2025-01-29 15:28:52.721 [info] > git show --textconv HEAD:.npm/_cacache/index-v5/13/29/572bf43d686299dd8263b106410c0cdb26df1485ef40041d2172cc942990 [20395ms]
2025-01-29 15:28:52.721 [info] > git show --textconv HEAD:.npm/_cacache/index-v5/14/4d/b4d8ecef0ade0bb7e035d93835776116ac0ee816bdbc5f714bd1eec97ff6 [20374ms]
2025-01-29 15:28:52.721 [info] > git show --textconv HEAD:.npm/_cacache/index-v5/14/5f/6e2956b950b124b9bf3d0e3b14a8ffb59cd858fd75ac433405cc316cc14f [20356ms]
2025-01-29 15:28:52.721 [info] > git show --textconv HEAD:.npm/_cacache/index-v5/15/14/759a1f66534f6cb56bad318e777663bca11442b5a221c90a7760ea402d4d [20322ms]
2025-01-29 15:28:52.722 [info] > git show --textconv HEAD:.npm/_cacache/index-v5/16/f2/05200b79f3434382bb8fb4b34d7e469400999552c9cf63fe2568dc6f3ffa [20289ms]
2025-01-29 15:28:52.722 [info] > git show --textconv HEAD:.npm/_cacache/index-v5/17/37/a5c334d0d6650397d659b9f1b4c833c357543579f30bedca9a164414a0c1 [20267ms]
2025-01-29 15:28:52.723 [info] > git show --textconv HEAD:.npm/_cacache/index-v5/18/55/9c21c8d8605592da1a2d8ad777878425c65933e52599a58e642960dce2e5 [20217ms]
2025-01-29 15:28:52.723 [info] > git show --textconv HEAD:.npm/_cacache/index-v5/1b/5a/0c2e2758988030285c6764be745e00545556e0daf3581c4794d7b7644efd [20207ms]
2025-01-29 15:28:52.723 [info] > git show --textconv HEAD:.npm/_cacache/index-v5/1d/1f/88b0a149279a8fbcd7de14e7dd584b3ac509cb8477d7b4f3f7d91321cd92 [20152ms]
2025-01-29 15:28:52.724 [info] > git show --textconv HEAD:.npm/_cacache/index-v5/1d/66/4c69aba00431d506e9b53306eba6929ed6581502d7e8c77cb340635745a1 [20128ms]
2025-01-29 15:28:52.724 [info] > git show --textconv HEAD:.npm/_cacache/index-v5/1d/93/47142e83bf6cc615ca23f520a609f72049f7631ab34cc5cc17a3c90386fb [20084ms]
2025-01-29 15:28:52.724 [info] > git show --textconv HEAD:.npm/_cacache/index-v5/1d/f6/8f21d1aa6e24c4d877d7e01962ffa5f3a9bce17a703e43701f6e39b7d3df [20042ms]
2025-01-29 15:28:52.724 [info] > git show --textconv HEAD:.npm/_cacache/index-v5/1e/77/514471dee72bf0d5b5a8547c5cb7ac2c388a7b6c716960ab2a25b951a7c8 [20017ms]
2025-01-29 15:28:52.725 [info] > git show --textconv HEAD:.npm/_cacache/index-v5/1f/b0/6763ae7ebee3d460106305f31e4621f14f72551b87a5dcb70627c4f40559 [20006ms]
2025-01-29 15:28:52.725 [info] > git show --textconv HEAD:.npm/_cacache/index-v5/20/24/46483cdb2b8e7e36f619bdac8eb94950e912856ea1423ee38a6164941514 [19990ms]
2025-01-29 15:28:52.725 [info] > git show --textconv HEAD:.npm/_cacache/index-v5/21/5c/43bc4bbdabf8ae0454ee7075000f4ba27acf124106cdb71a445723bbc8c9 [19944ms]
2025-01-29 15:28:52.725 [info] > git show --textconv HEAD:.npm/_cacache/index-v5/21/72/baf3826ad0b485482f80d4074379b33df5d51818327e98a7c2c72b4519ba [19868ms]
2025-01-29 15:28:52.727 [info] > git show --textconv HEAD:.npm/_cacache/index-v5/21/a7/bd8af8e4938b9fee217abddb09ce52db330434e323c828aeabe5bd909ae7 [19858ms]
2025-01-29 15:28:52.727 [info] > git show --textconv HEAD:.npm/_cacache/index-v5/22/50/6e01e0a33342f552257e2351f2cd7d26148bd9d2c73fc3797a4c4ddb0e39 [19853ms]
2025-01-29 15:28:52.727 [info] > git show --textconv HEAD:.npm/_cacache/index-v5/22/8a/1bc4c310afb80815186936a25a0c99727997982a248fc9347347b4a24af7 [19814ms]
2025-01-29 15:28:52.729 [info] > git show --textconv HEAD:.npm/_cacache/index-v5/24/42/59d14339f3ecc48699194017a86420badf8364f9808797cc45d8c0d4d8e3 [19778ms]
2025-01-29 15:28:52.730 [info] > git show --textconv HEAD:.npm/_cacache/index-v5/25/7f/0b973fb10d0d62b5962532a6e5691f81dd1c20b63fcce513967941450a82 [19755ms]
2025-01-29 15:28:52.730 [info] > git show --textconv HEAD:.npm/_cacache/index-v5/25/98/f306f68eac58ac50c3a0a0453cb8f29d78b9505c01947c965b4768a4e60d [19719ms]
2025-01-29 15:28:52.730 [info] > git show --textconv HEAD:.npm/_cacache/index-v5/26/65/619cb59d7aefbbd1a355d2bd395cc91907cc9583ff255d765fe300c759d8 [19710ms]
2025-01-29 15:28:52.730 [info] > git show --textconv HEAD:.npm/_cacache/index-v5/26/b6/e15cc94c59b91270cea4a3bc8c145f7654a86164d89815441cc37a71f7c3 [19698ms]
2025-01-29 15:28:52.731 [info] > git show --textconv HEAD:.npm/_cacache/index-v5/27/b6/bc1d086124331680bbaa5c4c1b8d244d40fc2dad68e9fe8dcd4f002638ec [19650ms]
2025-01-29 15:28:52.731 [info] > git show --textconv HEAD:.npm/_cacache/index-v5/28/36/cf23cb4e773a1cbd5c48f92e97e14a0628a197440609ae0c7a0beeda2711 [19639ms]
2025-01-29 15:28:52.733 [info] > git show --textconv HEAD:.npm/_cacache/index-v5/29/1e/bbe951ce5aadd40e0437824483abee50c92456baa4cbab70a9c8684ce6d1 [19610ms]
2025-01-29 15:28:52.733 [info] > git show --textconv HEAD:.npm/_cacache/index-v5/29/98/f2ec6888b89a47cf6e0df5e5b76dddcd0b5d0c23de33e7075c30e291d5bf [19592ms]
2025-01-29 15:28:52.733 [info] > git show --textconv HEAD:.npm/_cacache/index-v5/29/f0/2f1edd4373313cbd899bdfb10fa0acdf376a25dd5eabb8cac8170302cdb8 [19577ms]
2025-01-29 15:28:52.738 [info] > git show --textconv HEAD:.npm/_cacache/index-v5/2a/7f/d054517822a51ddd85fa4b08ae1bd6fbdf9bc852463e74719884a3a9dae6 [19551ms]
2025-01-29 15:28:52.741 [info] > git show --textconv HEAD:.npm/_cacache/index-v5/2d/e4/92f069bbeda3511ebb7d77bd5c9e972578d8a5e16d7f8e1556a529b60a09 [19541ms]
2025-01-29 15:28:52.741 [info] > git show --textconv HEAD:.npm/_cacache/index-v5/2e/b8/1375fdfe51030aefb25fc49449027e59d4b663e879ab43683b5b19ea8ad1 [19500ms]
2025-01-29 15:28:52.741 [info] > git show --textconv HEAD:.npm/_cacache/index-v5/2f/b5/99a8ac8d9fe0f2ad4894aa959445cb3e3c9b6cd11883956769678b196ced [19483ms]
2025-01-29 15:28:52.742 [info] > git show --textconv HEAD:.npm/_cacache/index-v5/30/52/ccd53cf0f8b79f023488d5ab8785edc5ac7ff1e091b3a680b98d248101f5 [19464ms]
2025-01-29 15:28:52.742 [info] > git show --textconv HEAD:.npm/_cacache/index-v5/33/61/b25f71e94c58e2b76f0a00ec021a6d5ec6bb015dedfbb236ed370841d698 [19437ms]
2025-01-29 15:28:52.742 [info] > git show --textconv HEAD:.npm/_cacache/index-v5/33/84/6189df0792aa97c0ff62a3061969d948332c3ee59c2f5a1f48e473406b43 [19412ms]
2025-01-29 15:28:52.743 [info] > git show --textconv HEAD:.npm/_cacache/index-v5/33/e0/77d264ba8b4ec81bed99d0d6e4e1c1cd160e2e6c2263d61f58311592655b [19378ms]
2025-01-29 15:28:52.743 [info] > git show --textconv HEAD:.npm/_cacache/index-v5/34/26/be53d0fd40d249df815be894f8fa6815f5b587a0bd0400bb31cd5cdf40f5 [19357ms]
2025-01-29 15:28:52.744 [info] > git show --textconv HEAD:.npm/_cacache/index-v5/36/d6/0ec727dc46dd7a5b3d32487a89e6ffba1789d0a5f37a3874c6520a568849 [19319ms]
2025-01-29 15:28:52.744 [info] > git show --textconv HEAD:.npm/_cacache/index-v5/36/e7/0b6493f625a039ca4cb935e7526c5a564658f0781f039bc1e79ea8aa7a81 [19311ms]
2025-01-29 15:28:52.744 [info] > git show --textconv HEAD:.npm/_cacache/index-v5/37/92/e818c7d8b7c82df51a6485bed4155a8bc48774c70d38b41ca1332d530719 [19278ms]
2025-01-29 15:28:52.745 [info] > git show --textconv HEAD:.npm/_cacache/index-v5/37/fc/c0626e1803b29a1e6201163536438bd70f475be7b12673c3f32986a52103 [19268ms]
2025-01-29 15:28:52.745 [info] > git show --textconv HEAD:.npm/_cacache/index-v5/38/81/c030e826e9dc842d495f4518a8110b49ad8e112bc6d52580d50305e87152 [19255ms]
2025-01-29 15:28:52.745 [info] > git show --textconv HEAD:.npm/_cacache/index-v5/39/ea/2dd484e1f623221be8967cb386c1e592538e8c12970efca6987cb83f7952 [19244ms]
2025-01-29 15:28:52.746 [info] > git show --textconv HEAD:.npm/_cacache/index-v5/3a/41/a0885e6ef2c3221cb015cb8953c0ef627d851c898006812024a14cc297f8 [19205ms]
2025-01-29 15:28:52.763 [info] > git show --textconv HEAD:.npm/_cacache/index-v5/3a/50/2606e8acc820d7174a556d7b10969b11b52e24ab8bcd7aeb632e29e487a4 [19195ms]
2025-01-29 15:28:52.764 [info] > git show --textconv HEAD:.npm/_cacache/index-v5/3a/ef/1f558f51da8495fa9d3fee9e4aa8c6cfc9809b10931f4df310e7bb0fe42b [19168ms]
2025-01-29 15:28:52.765 [info] > git show --textconv HEAD:.npm/_cacache/index-v5/3b/0b/21fa48e765e868d2d45e0ddaf3cffffe2b6ccdc671f646f5057a5129d7e2 [19145ms]
2025-01-29 15:28:52.766 [info] > git show --textconv HEAD:.npm/_cacache/index-v5/3b/f4/752915f135ecef5a71d918a4c4eddae386618103ab4f247e11fa323ce06d [19141ms]
2025-01-29 15:28:52.766 [info] > git show --textconv HEAD:.npm/_cacache/index-v5/3e/29/efa0ba3be1304a4c786f731b668d3d6526d57957d6fe7fe27ed3309c18b5 [19101ms]
2025-01-29 15:28:52.767 [info] > git show --textconv HEAD:.npm/_cacache/index-v5/40/74/61476e986883376c4e6e1d34b431855e22b7d23694f262606f377347c058 [19095ms]
2025-01-29 15:28:52.767 [info] > git show --textconv HEAD:.npm/_cacache/index-v5/40/cb/9c7967f3b8ca30bc891a3d867197a739fda2b6820f63e80be2af3b7e87f1 [19077ms]
2025-01-29 15:28:52.767 [info] > git show --textconv HEAD:.npm/_cacache/index-v5/41/c6/293403136c827a9d98875692c9c037f6e05cf7dad86c8efbb4ac017d2ad0 [19044ms]
2025-01-29 15:28:52.768 [info] > git show --textconv HEAD:.npm/_cacache/index-v5/44/c4/036f9e32a04302b004a28601c97f1d82d8eb2561527e2a06d734658a6d57 [19036ms]
2025-01-29 15:28:52.768 [info] > git show --textconv HEAD:.npm/_cacache/index-v5/46/e4/bff250b4527ad631a3bc94e0c25bf45725b82b7c7308be8aac9b336609ef [19029ms]
2025-01-29 15:28:52.769 [info] > git show --textconv HEAD:.npm/_cacache/index-v5/47/54/6b45375ef86aed02210a45c62fe4d8a67e7db5524b600c1c62cc471bf67d [19022ms]
2025-01-29 15:28:52.769 [info] > git show --textconv HEAD:.npm/_cacache/index-v5/47/b1/4b884aaa0f2a3c79219c1e0ae6788884b9b3a5f518412ad809b0f6fd046f [19016ms]
2025-01-29 15:28:52.772 [info] > git show --textconv HEAD:.npm/_cacache/index-v5/4a/a6/c2324506af87e9d4ba0f8f33685477532728c5a129f6889100fb8afccb9d [19004ms]
2025-01-29 15:28:52.773 [info] > git show --textconv HEAD:.npm/_cacache/index-v5/4b/a8/b686f5763e873c7ac89f736fdb9f670e8ab18e6660dd6285d0b13f70a2a2 [18997ms]
2025-01-29 15:28:52.773 [info] > git show --textconv HEAD:.npm/_cacache/index-v5/4b/d2/8265c5c7f8c64d4a141314b4bdb983961f8e52c07d7073578a7ca69a28dd [18985ms]
2025-01-29 15:28:52.773 [info] > git show --textconv HEAD:.npm/_cacache/index-v5/4c/74/a2b741aec6bd4dd94223969fdf1afbd63e8b8cbafb7cd5d5029acb3181e1 [18954ms]
2025-01-29 15:28:52.774 [info] > git show --textconv HEAD:.npm/_cacache/index-v5/4e/cb/181b542af5715304f09bc46022c0baa2bde37d2b7e9fa2b39cf626f467fb [18921ms]
2025-01-29 15:28:52.774 [info] > git show --textconv HEAD:.npm/_cacache/index-v5/4f/4a/c432dbdaabe4d1a0e47519ed9d0df6b9c9b672157e02a8e1549737c07958 [18906ms]
2025-01-29 15:28:52.774 [info] > git show --textconv HEAD:.npm/_cacache/index-v5/51/7d/25e51f2ab1bbcdf5455baaafe3c3a6309de5f615f2ffae63c19c9ae06cf3 [18884ms]
2025-01-29 15:28:52.775 [info] > git show --textconv HEAD:.npm/_cacache/index-v5/52/09/8d47a26819b05ce6ef1175022adf424e8f6292ea1f3123253897e99b3d31 [18842ms]
2025-01-29 15:28:52.775 [info] > git show --textconv HEAD:.npm/_cacache/index-v5/54/7a/ce15a5d50036476378929496de6e7e3cb303e0f03d501eb245334e84899b [18828ms]
2025-01-29 15:28:52.775 [info] > git show --textconv HEAD:.npm/_cacache/index-v5/54/ad/2a9923fe219972066d2d7b8d66c171cce48580bc9393935ca538970568bf [18807ms]
2025-01-29 15:28:52.776 [info] > git show --textconv HEAD:.npm/_cacache/index-v5/54/ec/dbde2abd4c99e8a9e738efb37377dedfbd7696a717654213d952aff28ea6 [18777ms]
2025-01-29 15:28:52.790 [info] > git show --textconv HEAD:.npm/_cacache/index-v5/55/49/7a0c220c38e75dfed16c44317b4e3ec70e69ccf2c06c1a0ffa6909e6e490 [18774ms]
2025-01-29 15:28:52.792 [info] > git show --textconv HEAD:.npm/_cacache/index-v5/57/0c/7df22c088833748bdc4e33f9f1d309011e640467d582de750301022e0cde [18735ms]
2025-01-29 15:28:52.800 [info] > git show --textconv HEAD:.npm/_cacache/index-v5/57/b7/2772f8c4daa4b31074e03545f8e473b547e88ef3141501fe2a54e1abdfc4 [18719ms]
2025-01-29 15:28:52.801 [info] > git show --textconv HEAD:.npm/_cacache/index-v5/59/08/7048656a801d0afc85d258adaca095e8f43558b84aacffaa7c60350005c4 [18706ms]
2025-01-29 15:28:52.801 [info] > git show --textconv HEAD:.npm/_cacache/index-v5/59/0e/5d7b3f4c369d1d62065d5ca8f8572d2231a581ff043c996b2f5838c201ab [18673ms]
2025-01-29 15:28:52.802 [info] > git show --textconv HEAD:.npm/_cacache/index-v5/59/76/5d750a97460b7c340cb3f4cb5651ff6a4371de03039ee33f3f06707907c2 [18648ms]
2025-01-29 15:28:52.804 [info] > git show --textconv HEAD:.npm/_cacache/index-v5/59/8f/04e6f64d657039df04ffd17af0bb8c7b3f5db2f8937c8a322ae2455af62e [18622ms]
2025-01-29 15:28:52.810 [info] > git show --textconv HEAD:.npm/_cacache/index-v5/59/e7/eb75251cf020e3ab9ef4f742c03ef86edb329e921eaf829494b1c6e46e13 [18614ms]
2025-01-29 15:28:52.811 [info] > git show --textconv HEAD:.npm/_cacache/index-v5/5a/4b/c9b6cdff6192e59de6e06792019fcfd2783b29ee7aaa6e36e4f3854cd963 [18587ms]
2025-01-29 15:28:52.811 [info] > git show --textconv HEAD:.npm/_cacache/index-v5/5a/6c/cbedfba7f1f2603383e2c9389a4536ad7d88a7498f9ccce633b760e037dd [18574ms]
2025-01-29 15:28:52.811 [info] > git show --textconv HEAD:.npm/_cacache/index-v5/5b/3f/64c58ca19aebcb3222fb9f0b41d663b061a14435ed65fff8842ae64f0983 [18540ms]
2025-01-29 15:28:52.811 [info] > git show --textconv HEAD:.npm/_cacache/index-v5/5c/ca/9f49d5822f17d335f0e7c29f9594c6e46b365dab8a67831cc10e56ad9684 [18535ms]
2025-01-29 15:28:52.812 [info] > git show --textconv HEAD:.npm/_cacache/index-v5/5e/2f/b0d7ba846044fe5a2fa1d8341f6a7f56438ae9161709a548cbda5f1fd7c3 [18505ms]
2025-01-29 15:28:52.812 [info] > git show --textconv HEAD:.npm/_cacache/index-v5/5e/8b/a2077126b6cd4a19645aa64b15796c36d6d9a1e212acacb2fd181595d819 [18467ms]
2025-01-29 15:28:52.812 [info] > git show --textconv HEAD:.npm/_cacache/index-v5/5e/d8/f632285e771b108e41613ffc8b0fae92e0b1fcb5c963af58c849bb86badd [18439ms]
2025-01-29 15:28:52.813 [info] > git show --textconv HEAD:.npm/_cacache/index-v5/5e/fc/0989b8fc498227980548d88ec9e6c0fb7f75d15bade3bad855e90dc540ce [18429ms]
2025-01-29 15:28:52.813 [info] > git show --textconv HEAD:.npm/_cacache/index-v5/5f/ab/1fea122b169e5695d42e14cff4e99d80b2a22fad29f07d217692a86ffd65 [18403ms]
2025-01-29 15:28:52.813 [info] > git show --textconv HEAD:.npm/_cacache/index-v5/60/59/65b0ad8f101ef2aaa8cc0ab939875a508120ba7d1042815eae4236a4ee46 [18395ms]
2025-01-29 15:28:52.813 [info] > git show --textconv HEAD:.npm/_cacache/index-v5/60/60/921266f6a9624f9b2f1896296fde0b03c6c726da992cf5b2bf3491abaa28 [18386ms]
2025-01-29 15:28:52.814 [info] > git show --textconv HEAD:.npm/_cacache/index-v5/64/17/566b3f51b41fae7dbf0388b1e25646a6b71607252abb83dba47dae5334da [18354ms]
2025-01-29 15:28:52.818 [info] > git show --textconv HEAD:.npm/_cacache/index-v5/65/45/c0676be2a6eb86ffcdc567c6f61b4cedb7308504e5967a19febb7e52098e [18348ms]
2025-01-29 15:28:52.818 [info] > git show --textconv HEAD:.npm/_cacache/index-v5/66/a8/459dd966bdb9bc12928473026aee61d8e77691a630234fad530b9fa29a90 [18307ms]
2025-01-29 15:28:52.818 [info] > git show --textconv HEAD:.npm/_cacache/index-v5/66/dc/91ce4ba83e8b37347df1c0ee838f5e4353d22219c5d2aa9804507c18ec71 [18298ms]
2025-01-29 15:28:52.820 [info] > git show --textconv HEAD:.npm/_cacache/index-v5/67/15/54ddabc53ed405816828142ddf828ec19cf391ab66f8d5895d0aac260265 [18265ms]
2025-01-29 15:28:52.820 [info] > git show --textconv HEAD:.npm/_cacache/index-v5/67/c3/066d3da2e495cfb6ed8d84a6fcb81145814a559cc94b697986b1de90f2f4 [18257ms]
2025-01-29 15:28:52.821 [info] > git show --textconv HEAD:.npm/_cacache/index-v5/6a/7a/7e65b81dbecaf4d331f0e6e8ba560c717e3e7af8a4926f6955bb3427a84c [18228ms]
2025-01-29 15:28:52.824 [info] > git show --textconv HEAD:.npm/_cacache/index-v5/6a/ec/15f8087f2f2639cddfe907c22cf2fb422b664f14fbaade057fa15c80c3bf [18213ms]
2025-01-29 15:28:52.824 [info] > git show --textconv HEAD:.npm/_cacache/index-v5/6b/55/560a88b4bb3cf23a51b288e28f388f9139ae56910fba9c09cdd6565e0138 [18163ms]
2025-01-29 15:28:52.827 [info] > git show --textconv HEAD:.npm/_cacache/index-v5/6b/8b/de0b42c2f82093bb385fb6e0de7c8edadd67ad116a2b4d0d89a5afded921 [18153ms]
2025-01-29 15:28:52.828 [info] > git show --textconv HEAD:.npm/_cacache/index-v5/6c/6f/8e7e8934679b7b49b8240b1f2dcb66c25a5bd17f9629f8fe0ea634cab93c [18146ms]
2025-01-29 15:28:52.828 [info] > git show --textconv HEAD:.npm/_cacache/index-v5/6c/b8/bf3defaf56a777b0a2db86bdc94ecb2191281a9ae7585d3ff39ed841c8f5 [18120ms]
2025-01-29 15:28:52.828 [info] > git show --textconv HEAD:.npm/_cacache/index-v5/72/a7/30c77e6f637fd471e7f3e0402cae756c6db1d8dc65d845240361886dc66d [18093ms]
2025-01-29 15:28:52.832 [info] > git show --textconv HEAD:.npm/_cacache/index-v5/75/5e/0699c09e0dc213ee59df025a0179ac792174c7210b7c35c5a841d5487227 [18082ms]
2025-01-29 15:28:52.833 [info] > git show --textconv HEAD:.npm/_cacache/index-v5/76/95/d015bafd95a5ea3a928066152525ff73c77d2b47141a3eea84aff702a9e6 [18049ms]
2025-01-29 15:28:52.836 [info] > git show --textconv HEAD:.npm/_cacache/index-v5/79/e4/91955ecd05880c316e8690b1ef9fb5840c478855816b347289ac5067dde2 [18011ms]
2025-01-29 15:28:52.837 [info] > git show --textconv HEAD:.npm/_cacache/index-v5/7a/83/6be996e7250adf9a97984c85c3a7d3c22c795ce5321c44d257e053fd7442 [17989ms]
2025-01-29 15:28:52.837 [info] > git show --textconv HEAD:.npm/_cacache/index-v5/7d/65/c2c4e4cf88f6f5a26a474eec1eb28a1a0c087f156fa82df974013a50081f [17938ms]
2025-01-29 15:28:52.837 [info] > git show --textconv HEAD:.npm/_cacache/index-v5/7f/71/8828fdfc9d44cd8c3cbfb81861de951a115bc16859b5996f0fd92a189c02 [17922ms]
2025-01-29 15:28:52.838 [info] > git show --textconv HEAD:.npm/_cacache/index-v5/7f/c3/dc0657b650edb6ea8e350ae8c6dd6cee5ca84fcc91d9d0b666cf225a139b [17859ms]
2025-01-29 15:28:52.838 [info] > git show --textconv HEAD:.npm/_cacache/index-v5/81/18/dc968dc58cf2e03b6fdf660412df274d4ec69e93304f5b2fa4437684d84b [17844ms]
2025-01-29 15:28:52.839 [info] > git show --textconv HEAD:.npm/_cacache/index-v5/82/15/02ef8cc8a5dce9c6a7212a844fb88da9c596884a054d971d5769849b4c4c [17828ms]
2025-01-29 15:28:52.841 [info] > git show --textconv HEAD:.npm/_cacache/index-v5/82/1f/bc6ddfe7826874158ab240154ebbd8569ff129493af149bcc64cca3537c1 [17809ms]
2025-01-29 15:28:52.841 [info] > git show --textconv HEAD:.npm/_cacache/index-v5/84/3c/a34aeaf29195f5f9401c15f6857af1bd76c7606e0b093aab991c9bb6dc49 [17773ms]
2025-01-29 15:28:52.848 [info] > git show --textconv HEAD:.npm/_cacache/index-v5/86/a2/5b27bb74c4b5717e38015bd570d651f9a9ebdd15044c34b5717193654f28 [17762ms]
2025-01-29 15:28:52.848 [info] > git show --textconv HEAD:.npm/_cacache/index-v5/86/b0/7b384f60980d627c84fe1e272547d2c2dac9969f7f5c5a4c46c09a4ef914 [17651ms]
2025-01-29 15:28:52.849 [info] > git show --textconv HEAD:.npm/_cacache/index-v5/86/f1/7f9fd432306b3c90237c340f09dda5c37f5af5d2ebadc81e7e22f8420eb4 [17567ms]
2025-01-29 15:28:52.849 [info] > git show --textconv HEAD:.npm/_cacache/index-v5/87/55/e56d34b37c3170079064597cabb288d076b0d0468eaba3b8a0cf8686ce1f [17548ms]
2025-01-29 15:28:52.849 [info] > git show --textconv HEAD:.npm/_cacache/index-v5/87/da/af28f1133468f98432a0caf94d8a9e1a4f1bcd830398a06a4e51d9d17bcd [17468ms]
2025-01-29 15:28:52.851 [info] > git show --textconv HEAD:.npm/_cacache/index-v5/89/96/c642a04fdc4941430585bed896f7646c8e98df4b2e3352c7c7be353e5d41 [17409ms]
2025-01-29 15:28:52.851 [info] > git show --textconv HEAD:.npm/_cacache/index-v5/8a/cb/954293144752648c21786e9ecca08091f78f3798a4464341eccef804ba13 [17390ms]
2025-01-29 15:28:52.853 [info] > git show --textconv HEAD:.npm/_cacache/index-v5/8c/3f/3f36a0c43685a86c104116ac6b2331e94c005abd54ee9d644a52e1770b8e [17373ms]
2025-01-29 15:28:52.854 [info] > git show --textconv HEAD:.npm/_cacache/index-v5/8c/be/345b3ef650794d71afeb249f3d87e450bbca927038c157a46bbeec5afb50 [17333ms]
2025-01-29 15:28:52.854 [info] > git show --textconv HEAD:.npm/_cacache/index-v5/8d/09/b8f5ca2fb119384681b46ab4e23e4621b770a9043991348d533c215b4433 [17259ms]
2025-01-29 15:28:52.856 [info] > git show --textconv HEAD:.npm/_cacache/index-v5/90/81/b282fc65fba2629a78ffb2c85ff35c7028db687a67d0498adaaa3f3215c1 [17199ms]
2025-01-29 15:28:52.856 [info] > git show --textconv HEAD:.npm/_cacache/index-v5/92/f0/32fa9b3db5e8011628dd42b81c2806851b6ebb11a297b802b02cd80305e5 [17157ms]
2025-01-29 15:28:52.857 [info] > git show --textconv HEAD:.npm/_cacache/index-v5/93/31/9f96e29572a9b3bd880f19dde2e443b99ec81a4258f3e56ce1c4fff64852 [17094ms]
2025-01-29 15:28:52.857 [info] > git show --textconv HEAD:.npm/_cacache/index-v5/93/c9/a0dbbd75ae853d67c5f17925e577e7c57bbe2b2ab879ccf8537edd7bad8f [16952ms]
2025-01-29 15:28:52.864 [info] > git show --textconv HEAD:.npm/_cacache/index-v5/93/fd/b19664dd8a74b7863b83af02f3f1327cb564b9f7bd0268d2bbebe3dc8bef [16911ms]
2025-01-29 15:28:52.864 [info] > git show --textconv HEAD:.npm/_cacache/index-v5/95/af/22c6a839205628feaf60de48f584fed7f9639fec3479b585882f8b30e3ee [16889ms]
2025-01-29 15:28:52.865 [info] > git show --textconv HEAD:.npm/_cacache/index-v5/95/b5/067cbcdfe5206749e8eb0025c4f8749c9d01103f8b3b5032608a56885c78 [16818ms]
2025-01-29 15:28:52.865 [info] > git show --textconv HEAD:.npm/_cacache/index-v5/96/2d/10803d23b447b4c64c2177f38c087ab147569943bd59bec4ba3320c003b6 [16795ms]
2025-01-29 15:28:52.868 [info] > git show --textconv HEAD:.npm/_cacache/index-v5/96/c5/cfd4f290453cd7201716a3217433fe76e994d06ad3a598a6ab5772d5280f [16768ms]
2025-01-29 15:28:52.868 [info] > git show --textconv HEAD:.npm/_cacache/index-v5/98/39/b93a55ccc4e49f1f202fb8da7ee9e687e3a2a49ec42d4759cf6b22a7a96a [16726ms]
2025-01-29 15:28:52.872 [info] > git show --textconv HEAD:.npm/_cacache/index-v5/98/64/01faddae5e2bf199c5f8953942897841c5634b1800e246226ea5489f4584 [16711ms]
2025-01-29 15:28:52.872 [info] > git show --textconv HEAD:.npm/_cacache/index-v5/99/7b/bb864e5ee467386404b7d703d97a34d09b8b19dadefbcc14f2414db1c0f3 [16682ms]
2025-01-29 15:28:52.873 [info] > git show --textconv HEAD:.npm/_cacache/index-v5/9c/b1/fff150691ce095677426e98bb894621ce4a88097d4b2c5c342224e1852ae [16665ms]
2025-01-29 15:28:52.873 [info] > git show --textconv HEAD:.npm/_cacache/index-v5/9f/da/f7ae5128341e8be6a414b2ff18919cb6c0b5e5392b7fe3b66b26448cf68a [16639ms]
2025-01-29 15:28:52.875 [info] > git show --textconv HEAD:.npm/_cacache/index-v5/a0/c6/040205eebe8a1469c51bd2cf204508de0c8c99d31041c9481a8f7a10adb3 [16621ms]
2025-01-29 15:28:52.875 [info] > git show --textconv HEAD:.npm/_cacache/index-v5/a1/3d/0f43da5c3490ed6024bfb0b0dad9667e81c0c14ab865c2bca78472fe461d [16608ms]
2025-01-29 15:28:52.875 [info] > git show --textconv HEAD:.npm/_cacache/index-v5/a2/0a/aab41a4ac97fe5e18d6ca84937faf22ff0914608db89bc70589496724abe [16568ms]
2025-01-29 15:28:52.876 [info] > git show --textconv HEAD:.npm/_cacache/index-v5/a4/ad/d152c6675d8365e0f39357021fb81e9ae7e2caaaf9a7d2059cd7d9866c49 [16562ms]
2025-01-29 15:28:52.876 [info] > git show --textconv HEAD:.npm/_cacache/index-v5/a5/14/53e431efe5d40277f768cec075f9e7f618f2296715654a7b953121078b1e [16537ms]
2025-01-29 15:28:52.876 [info] > git show --textconv HEAD:.npm/_cacache/index-v5/a6/8c/898b3c8dbb6f7bf56467b44d6853ed7f58121ce580af93ce90611c017dff [16513ms]
2025-01-29 15:28:52.878 [info] > git show --textconv HEAD:.npm/_cacache/index-v5/a7/c9/4d56c614f53f0c865f0960aa01b4d3983d6bf3743c4e44e082b75f00745d [16493ms]
2025-01-29 15:28:52.879 [info] > git show --textconv HEAD:.npm/_cacache/index-v5/a8/05/549b4a73b2df921cfb1da13a113057ce79598cbe5cb03dd6f46b3f8d97f1 [16467ms]
2025-01-29 15:28:52.879 [info] > git show --textconv HEAD:.npm/_cacache/index-v5/a9/79/02670505f1767ea894bbe06196b46e6d240500de49465496832487cf505d [16453ms]
2025-01-29 15:28:52.880 [info] > git show --textconv HEAD:.npm/_cacache/index-v5/a9/c4/c29f831ddefcdb43427af7c071d89d53863847375511e29d461f0d7eb985 [16415ms]
2025-01-29 15:28:52.880 [info] > git show --textconv HEAD:.npm/_cacache/index-v5/ab/7c/ea55e4e584609a1f0ba14a730391c0b04141931864f08f4172886bec44f9 [16397ms]
2025-01-29 15:28:52.884 [info] > git show --textconv HEAD:.npm/_cacache/index-v5/ab/a3/6abc84291759cb5b5ed9f06186f33ea909a68cd960206d57e16032623327 [16377ms]
2025-01-29 15:28:52.884 [info] > git show --textconv HEAD:.npm/_cacache/index-v5/ac/bb/985010ebdd313ccb7e8d2e70549eaebfb3b6b5e1a7c8ff72967a233369b8 [16323ms]
2025-01-29 15:28:52.885 [info] > git show --textconv HEAD:.npm/_cacache/index-v5/af/a1/ab9d77cb026b86ef88670d9957d0288759ae1f0ae20a97de8e3182495128 [16303ms]
2025-01-29 15:28:52.885 [info] > git show --textconv HEAD:.npm/_cacache/index-v5/b0/2c/c32c19940ce5ae8947c9a9ded52fad0414a733558ca85abdd82207e117c5 [16270ms]
2025-01-29 15:28:52.885 [info] > git show --textconv HEAD:.npm/_cacache/index-v5/b0/4a/c18a99a2710b49b5a3a1121226be4940f623f8ba056f8108a634ed347da9 [16243ms]
2025-01-29 15:28:52.887 [info] > git show --textconv HEAD:.npm/_cacache/index-v5/b0/5d/2b72d29829ccb0883b181fc56e75b960eeba0ab4855615223f1bcddb9da3 [16210ms]
2025-01-29 15:28:52.892 [info] > git show --textconv HEAD:.npm/_cacache/index-v5/b4/0c/95fcab298b208bfa97e6a4ba87c0b72def0415a285edc2179df9a5b54ecd [16113ms]
2025-01-29 15:28:52.893 [info] > git show --textconv HEAD:.npm/_cacache/index-v5/b5/90/d06ec4d3d605fd2bb31e7b70f39c06d6430c5b389ee5e584f1a080db51b0 [16034ms]
2025-01-29 15:28:52.894 [info] > git show --textconv HEAD:.npm/_cacache/index-v5/b7/28/9455c84cc38934d55250e295b8e7884e8ac2b664a27cc5715b36eccb4d68 [16010ms]
2025-01-29 15:28:52.904 [info] > git show --textconv HEAD:.npm/_cacache/index-v5/b7/44/ef86b1874b93bc9720176f810aa274e9ef99c87567c5d7fa442ee0647d85 [15953ms]
2025-01-29 15:28:52.904 [info] > git show --textconv HEAD:.npm/_cacache/index-v5/b7/7c/bef778b25c0ebbc1ec51711ea957725f5792a3e2511e72d6c71494c7dbbe [15917ms]
2025-01-29 15:28:52.905 [info] > git show --textconv HEAD:.npm/_cacache/index-v5/b7/e6/b06d273811363c1ca59ad30fafc9a0cf5e76518d68fb181dec7d17b75e81 [15910ms]
2025-01-29 15:28:52.905 [info] > git show --textconv HEAD:.npm/_cacache/index-v5/b7/e9/ba98f95c486d8dfb83ffc649c1574f54582fc504e3bcc304b45d15b778fd [15854ms]
2025-01-29 15:28:52.905 [info] > git show --textconv HEAD:.npm/_cacache/index-v5/b9/03/a085eb4e0aa967da47d9ce434951945778bef724061b3deca750246c0d8e [15834ms]
2025-01-29 15:28:52.905 [info] > git show --textconv HEAD:.npm/_cacache/index-v5/b9/73/469da539f6f336e366cb9edec72814077ffd341100a28dfb8cca1408d9af [15805ms]
2025-01-29 15:28:52.906 [info] > git show --textconv HEAD:.npm/_cacache/index-v5/b9/85/a61e4faf2fa57d9503508bed591c594eb5609999d7fe0d23f010cd1c4cc5 [15764ms]
2025-01-29 15:28:52.906 [info] > git show --textconv HEAD:.npm/_cacache/index-v5/ba/fe/ad7743b45396700ed41febaaa8b3ed879d4204afda7738c3041a34d3af59 [15718ms]
2025-01-29 15:28:52.906 [info] > git show --textconv HEAD:.npm/_cacache/index-v5/bb/3e/256be0e1ad86cb6af43f7a2b285999f990001322fd94509520d011bab8f5 [15689ms]
2025-01-29 15:28:52.907 [info] > git show --textconv HEAD:.npm/_cacache/index-v5/bc/96/32683f7ffb7731d6518f96344b35c74b7e49ed661d40e28ab211841d1e09 [15653ms]
2025-01-29 15:28:52.907 [info] > git show --textconv HEAD:.npm/_cacache/index-v5/bd/12/2937f0abc26f9973382cb3afa8b4b1d233a6a47ad4f3c5917ddb4997cddb [15641ms]
2025-01-29 15:28:52.907 [info] > git show --textconv HEAD:.npm/_cacache/index-v5/c0/a6/fd77da708dbbca139bfbc1dd1503439e408c7a67af88354a1f84c159c3ad [15596ms]
2025-01-29 15:28:52.907 [info] > git show --textconv HEAD:.npm/_cacache/index-v5/c1/02/d8075e0f65536acf7e0f5ec13ddad3156936c45ad00b5abe3929099d34e8 [15546ms]
2025-01-29 15:28:52.921 [info] > git show --textconv HEAD:.npm/_cacache/index-v5/c1/8e/b2d9565fe60306da42efbbd6978e09bc583a7fa954ad3b148dc9c4793e51 [15540ms]
2025-01-29 15:28:52.921 [info] > git show --textconv HEAD:.npm/_cacache/index-v5/c1/d3/d6d16b3e7aa7edfdb1c5fe8ef0f9933ff289b5ae0026745e58f8b9d16511 [15507ms]
2025-01-29 15:28:52.924 [info] > git show --textconv HEAD:.npm/_cacache/index-v5/c2/ea/6a93410c09a5caa16c875baa6eaf659f7d56386c36aa939a93c4f7e88cdd [15500ms]
2025-01-29 15:28:52.924 [info] > git show --textconv HEAD:.npm/_cacache/index-v5/c3/ae/1314e79200fca71af4663702ee1e676113e408ca8a468a396de5ab6d5d2b [15472ms]
2025-01-29 15:28:52.925 [info] > git show --textconv HEAD:.npm/_cacache/index-v5/c7/00/75bf8643b1d803f427bd1e39480195432a26cf1b842251ec3a8629bd85b9 [15447ms]
2025-01-29 15:28:52.925 [info] > git show --textconv HEAD:.npm/_cacache/index-v5/c8/39/b2e9237c61742013ea61791c20e64d41712c75afb779453bbdfcb72dd5e5 [15418ms]
2025-01-29 15:28:52.930 [info] > git show --textconv HEAD:.npm/_cacache/index-v5/c9/10/e51aeab9f2ed39d1416132dca81cf2f580dc5de2fd02b9a85d1df3b191f3 [15405ms]
2025-01-29 15:28:52.932 [info] > git show --textconv HEAD:.npm/_cacache/index-v5/c9/82/4507d239497133d9a47426cfef7d29765c7c10705ce7ae9dad16c15a6a25 [15244ms]
2025-01-29 15:28:52.932 [info] > git show --textconv HEAD:.npm/_cacache/index-v5/ca/22/e67cfd72b5eb7448ffc372eef973bc6a898546801746edf67bde4d4f42da [15191ms]
2025-01-29 15:28:52.933 [info] > git show --textconv HEAD:.npm/_cacache/index-v5/ca/b1/a3ea6e6e21baea39a1d429ee6026febcbcd4b4c793f3f9f4f18bf1d084f4 [15161ms]
2025-01-29 15:28:52.933 [info] > git show --textconv HEAD:.npm/_cacache/index-v5/cd/71/f68a6750f3db4df84a6f6c31eba19daed52dc3c2a615b66b97cea205353b [15142ms]
2025-01-29 15:28:52.933 [info] > git show --textconv HEAD:.npm/_cacache/index-v5/ce/cb/8564823aa3255dcec81b524fd590e5f3349ee1ada7d35311efcf7dcc5018 [15114ms]
2025-01-29 15:28:52.934 [info] > git show --textconv HEAD:.npm/_cacache/index-v5/d0/85/15ba2e5ffb5d61ee2a446934d0f4ba7f3d9417ca338ae843cef6a5ed7500 [15079ms]
2025-01-29 15:28:52.934 [info] > git show --textconv HEAD:.npm/_cacache/index-v5/d5/4b/e7e3758c2d19e1b8cf9a59f9a3bb013c0f8040f12ec62bfaa7fb9f279066 [15050ms]
2025-01-29 15:28:52.936 [info] > git show --textconv HEAD:.npm/_cacache/index-v5/d5/e0/c2272d7175091e9df846535741af3cc795e3f8819eda506eec5047ef33be [15018ms]
2025-01-29 15:28:52.936 [info] > git show --textconv HEAD:.npm/_cacache/index-v5/d6/1e/d452fc5842e2b3de124cde8ae4bd655977b146aff918ad0afd0f32d2b036 [15009ms]
2025-01-29 15:28:52.937 [info] > git show --textconv HEAD:.npm/_cacache/index-v5/d6/47/0b796a99c82c8fcdcdc3380884e2104085a357ad0ac568827bbf53c1f6bf [14963ms]
2025-01-29 15:28:52.937 [info] > git show --textconv HEAD:.npm/_cacache/index-v5/d7/45/e1ccaea11148973bfded4dbe1a6b58975978932e0ea608543a82861b1428 [14955ms]
2025-01-29 15:28:52.940 [info] > git show --textconv HEAD:.npm/_cacache/index-v5/d7/77/8c2e4d1165ebc3bd07e913a9fbec73804b8812d163d4e8df93f52ba10f9a [14952ms]
2025-01-29 15:28:52.941 [info] > git show --textconv HEAD:.npm/_cacache/index-v5/d8/90/fe1e5bf54c6111708a78cd66613e0a69271ab056e9925db28b5d49664f6e [14948ms]
2025-01-29 15:28:52.941 [info] > git show --textconv HEAD:.npm/_cacache/index-v5/d9/d2/6a81ed97fbb343d16fc5356035bc5c6b4ef032aa6853f931fd4668b12865 [14909ms]
2025-01-29 15:28:52.944 [info] > git show --textconv HEAD:.npm/_cacache/index-v5/da/08/d0424745d8922bd1809801849d96e79689d51d1bb19c7f0008083b3d8eb1 [14898ms]
2025-01-29 15:28:52.944 [info] > git show --textconv HEAD:.npm/_cacache/index-v5/dd/50/286afc99bace92cde31d73618857aa64e0eea03a21e6918401e647e7ae13 [14889ms]
2025-01-29 15:28:52.944 [info] > git show --textconv HEAD:.npm/_cacache/index-v5/df/a9/5bcab8b88052a275b413d0f50380ad60ecb5f9a333b503186989ce198387 [14877ms]
2025-01-29 15:28:52.945 [info] > git show --textconv HEAD:.npm/_cacache/index-v5/e0/c9/64c2fd3b183d1739f4be1b1d528a23f9b30ce37ca9974b48ca0b983598bf [14870ms]
2025-01-29 15:28:52.948 [info] > git show --textconv HEAD:.npm/_cacache/index-v5/e1/24/44f021ddca5efce1baa6b837ea6c69cb82ed160fb45133c565d144dcea23 [14848ms]
2025-01-29 15:28:52.952 [info] > git show --textconv HEAD:.npm/_cacache/index-v5/e1/3c/d576e0087e8d37dfe0a41b48635af38571128a818ccb2b89a418e5632f44 [14846ms]
2025-01-29 15:28:52.956 [info] > git show --textconv HEAD:.npm/_cacache/index-v5/e2/52/7a48e8e124c09a71cb479622597a4bde8beef41cdd0a9c6021ea58d98fa0 [14838ms]
2025-01-29 15:28:52.956 [info] > git show --textconv HEAD:.npm/_cacache/index-v5/e2/58/9f87d0a588ae2a6322c65b0916e3ec5af109671b0eee7b34730cfa1fe013 [14828ms]
2025-01-29 15:28:52.957 [info] > git show --textconv HEAD:.npm/_cacache/index-v5/e2/b6/fadba77ee9bc54b6dfbe9ca7a3007e8ae23e97cd6dfb5843f57100b044c1 [14819ms]
2025-01-29 15:28:52.957 [info] > git show --textconv HEAD:.npm/_cacache/index-v5/e6/31/11eb65d70a004ba6dc4f967bae593980ef09d70ba81fd2af497387d1d59a [14795ms]
2025-01-29 15:28:52.957 [info] > git show --textconv HEAD:.npm/_cacache/index-v5/e6/ee/a7f609296af013f459dea95f5b86155b1d4d3fa7dc9ec423562d0c55294f [14785ms]
2025-01-29 15:28:52.958 [info] > git show --textconv HEAD:.npm/_cacache/index-v5/ea/08/a3b4215be2f17858bd100f9dbcc8cceb6ff1d501f450de942ccd5bf8ccbe [14768ms]
2025-01-29 15:28:52.958 [info] > git show --textconv HEAD:.npm/_cacache/index-v5/ea/5f/ed9fbd5bd146db522eb110c35f223340a514174c0f8ba9132ea20b8f6721 [14754ms]
2025-01-29 15:28:52.958 [info] > git show --textconv HEAD:.npm/_cacache/index-v5/eb/22/19bb6590f7312f358d7385c3500c0043cd60e890b804af0c9b986c3c5a94 [14744ms]
2025-01-29 15:28:52.960 [info] > git show --textconv HEAD:.npm/_cacache/index-v5/ec/da/4497dc8d2813413abe1f1c72b66bd18f50b6f2f052a7c0eb0dd8c8130496 [14731ms]
2025-01-29 15:28:52.961 [info] > git show --textconv HEAD:.npm/_cacache/index-v5/ed/b8/21f3b978a3a22da2c741a07872da75d54875dd2620f1fbe58f0b0f9d92a9 [14722ms]
2025-01-29 15:28:52.961 [info] > git show --textconv HEAD:.npm/_cacache/index-v5/ee/1c/3221b6bf06d485cdf0bd005ec91250937fb93523cafa298df7fc42d4b8b6 [14701ms]
2025-01-29 15:28:52.962 [info] > git show --textconv HEAD:.npm/_cacache/index-v5/ef/1e/b776e50435550bcc5e02152558326aea39725580d0510b62c760ab76c337 [14679ms]
2025-01-29 15:28:52.963 [info] > git show --textconv HEAD:.npm/_cacache/index-v5/ef/8e/377cd61df01a3a7c51c0c5c1a067f6f334d15963dd4edbc491973d8cb582 [14668ms]
2025-01-29 15:28:52.963 [info] > git show --textconv HEAD:.npm/_cacache/index-v5/f0/3b/58c14b3461e0a75ddd4a0be80707cae7f82bf1ef1ae03a0dfc8054aa2570 [14661ms]
2025-01-29 15:28:52.964 [info] > git show --textconv HEAD:.npm/_cacache/index-v5/f0/cd/a6080f41d44ed7b9fcd2a51c28d27f31b91404ac9300a0305e9daea69d57 [14644ms]
2025-01-29 15:28:52.964 [info] > git show --textconv HEAD:.npm/_cacache/index-v5/f3/1b/5bb0573eba5052954d4503e52fc29c0393ca6fef65b95b3d675c30b3da4c [14626ms]
2025-01-29 15:28:52.965 [info] > git show --textconv HEAD:.npm/_cacache/index-v5/f3/2c/80267cf9b394a43404ccabe3e574f5fd89b769b43be625b75ff9b1b4a2ee [14611ms]
2025-01-29 15:28:52.968 [info] > git show --textconv HEAD:.npm/_cacache/index-v5/f3/ab/fa22a40eb0cb07176c21351dda1ab02f692d46b49a71c6469daf50c8f69c [14605ms]
2025-01-29 15:28:52.974 [info] > git show --textconv HEAD:.npm/_cacache/index-v5/f6/3d/f2f0f797a9b8bc04ff5a617328dd807c77dc2d1a81c8243f65499cc44d81 [14602ms]
2025-01-29 15:28:52.976 [info] > git show --textconv HEAD:.npm/_cacache/index-v5/f7/83/f6d745edc6348460207733876a8ee9e9a527c28fd14a23b81f5d00386b04 [14594ms]
2025-01-29 15:28:52.978 [info] > git show --textconv HEAD:.npm/_cacache/index-v5/fb/08/8c92a33fe93566b84d81f518a88cf87b57544221878062c8ab3ee621f620 [14576ms]
2025-01-29 15:28:52.979 [info] > git show --textconv HEAD:.npm/_cacache/index-v5/fb/0e/308816a444febfdd141eabeb2db4d82bc22f6b957bc700cdec07002ad4a5 [14565ms]
2025-01-29 15:28:52.980 [info] > git show --textconv HEAD:.npm/_cacache/index-v5/fb/4b/0fb3ce45fb690a1851537ed333cfcfd6be1e8b868b655055069aab25adf3 [14555ms]
2025-01-29 15:28:52.980 [info] > git show --textconv HEAD:.npm/_cacache/index-v5/fc/ee/fc3e1dd6706bd557d2840d92ff10cdd6928b92fb8c46d2195dfbd8d4b2be [14548ms]
2025-01-29 15:28:52.981 [info] > git show --textconv HEAD:.npm/_cacache/index-v5/fd/51/5bf9d842e1ecfea484079ce86f5d7bf7ceddbcc1711c7b29270cb9913b31 [14541ms]
2025-01-29 15:28:52.981 [info] > git show --textconv HEAD:.npm/_cacache/index-v5/fd/fb/c68ba9a1320725050b57ca9c7fbc237e694f1f4a6cb94104f7e3e654f7f4 [14531ms]
2025-01-29 15:28:52.981 [info] > git show --textconv HEAD:.npm/_cacache/index-v5/ff/84/aaf48925b9fb92cbfaaf7767b230abf66f48ebec8f503af76cacd9d7a57d [14508ms]
2025-01-29 15:28:52.982 [info] > git show --textconv HEAD:.npm/_cacache/index-v5/ff/d3/eca629ba696cac5a91e13f61bb768d7cbf82072f798d17071572ab3943f2 [14502ms]
2025-01-29 15:28:52.987 [info] > git show --textconv HEAD:.vscode-server/.cli.38c31bc77e0dd6ae88a4e9cc93428cc27a56ba40.log [14501ms]
2025-01-29 15:28:52.988 [info] > git show --textconv HEAD:.vscode-server/.cli.65edc4939843c90c34d61f4ce11704f09d3e5cb6.log [14494ms]
2025-01-29 15:28:52.988 [info] > git show --textconv HEAD:.vscode-server/.cli.91fbdddc47bc9c09064bf7acf133d22631cbf083.log [14484ms]
2025-01-29 15:28:52.989 [info] > git show --textconv HEAD:.vscode-server/.cli.138f619c86f1199955d53b4166bef66ef252935c.log [14476ms]
2025-01-29 15:28:52.989 [info] > git show --textconv HEAD:.vscode-server/.cli.384ff7382de624fb94dbaf6da11977bba1ecd427.log [14461ms]
2025-01-29 15:28:52.992 [info] > git show --textconv HEAD:.vscode-server/.cli.4849ca9bdf9666755eb463db297b69e5385090e3.log [14420ms]
2025-01-29 15:28:52.997 [info] > git show --textconv HEAD:.vscode-server/.cli.cd4ee3b1c348a13bafd8f9ad8060705f6d4b9cba.log [14414ms]
2025-01-29 15:28:52.997 [info] > git show --textconv HEAD:.vscode-server/.cli.d78a74bcdfad14d5d3b1b782f87255d802b57511.log [14395ms]
2025-01-29 15:28:52.997 [info] > git show --textconv HEAD:.vscode-server/.cli.e8653663e8840adaf45af01eab5c627a5af81807.log [14371ms]
2025-01-29 15:28:52.998 [info] > git show --textconv HEAD:.vscode-server/.cli.f1a4fb101478ce6ec82fe9627c43efbf9e98c813.log [14353ms]
2025-01-29 15:28:52.999 [info] > git show --textconv HEAD:.vscode-server/.cli.fabdb6a30b49f79a7aba0f2ad9df9b399473380f.log [14342ms]
2025-01-29 15:28:52.999 [info] > git show --textconv HEAD:.vscode-server/.cli.fee1edb8d6d72a0ddff41e5f71a671c23ed924b9.log [14330ms]
2025-01-29 15:28:53.000 [info] > git show --textconv HEAD:.vscode-server/code-91fbdddc47bc9c09064bf7acf133d22631cbf083 [14304ms]
2025-01-29 15:28:53.005 [info] > git show --textconv HEAD:.vscode-server/code-138f619c86f1199955d53b4166bef66ef252935c [14280ms]
2025-01-29 15:28:53.008 [info] > git show --textconv HEAD:.vscode-server/code-cd4ee3b1c348a13bafd8f9ad8060705f6d4b9cba [14259ms]
2025-01-29 15:28:53.008 [info] > git show --textconv HEAD:.vscode-server/code-f1a4fb101478ce6ec82fe9627c43efbf9e98c813 [14239ms]
2025-01-29 15:28:53.009 [info] > git show --textconv HEAD:.vscode-server/code-fabdb6a30b49f79a7aba0f2ad9df9b399473380f [14224ms]
2025-01-29 15:28:53.009 [info] > git show --textconv HEAD:.vscode-server/cli/servers/lru.json [14215ms]
2025-01-29 15:28:53.012 [info] > git show --textconv HEAD:.vscode-server/cli/servers/Stable-138f619c86f1199955d53b4166bef66ef252935c/log.txt [14206ms]
2025-01-29 15:28:53.015 [info] > git show --textconv HEAD:.vscode-server/cli/servers/Stable-138f619c86f1199955d53b4166bef66ef252935c/pid.txt [14190ms]
2025-01-29 15:28:53.016 [info] > git show --textconv HEAD:.vscode-server/cli/servers/Stable-138f619c86f1199955d53b4166bef66ef252935c/server/LICENSE [14175ms]
2025-01-29 15:28:53.017 [info] > git show --textconv HEAD:.vscode-server/cli/servers/Stable-138f619c86f1199955d53b4166bef66ef252935c/server/node [14165ms]
2025-01-29 15:28:53.017 [info] > git show --textconv HEAD:.vscode-server/cli/servers/Stable-138f619c86f1199955d53b4166bef66ef252935c/server/package.json [14155ms]
2025-01-29 15:28:53.017 [info] > git show --textconv HEAD:.vscode-server/cli/servers/Stable-138f619c86f1199955d53b4166bef66ef252935c/server/product.json [14146ms]
2025-01-29 15:28:53.017 [info] > git show --textconv HEAD:.vscode-server/cli/servers/Stable-138f619c86f1199955d53b4166bef66ef252935c/server/bin/code-server [14138ms]
2025-01-29 15:28:53.018 [info] > git show --textconv HEAD:.vscode-server/cli/servers/Stable-138f619c86f1199955d53b4166bef66ef252935c/server/bin/helpers/browser.sh [14130ms]
2025-01-29 15:28:53.019 [info] > git show --textconv HEAD:.vscode-server/cli/servers/Stable-138f619c86f1199955d53b4166bef66ef252935c/server/bin/helpers/check-requirements.sh [14120ms]
2025-01-29 15:28:53.020 [info] > git show --textconv HEAD:.vscode-server/cli/servers/Stable-138f619c86f1199955d53b4166bef66ef252935c/server/bin/remote-cli/code [14109ms]
2025-01-29 15:28:53.022 [info] > git show --textconv HEAD:.vscode-server/cli/servers/Stable-138f619c86f1199955d53b4166bef66ef252935c/server/extensions/configuration-editing/package.json [14102ms]
2025-01-29 15:28:53.024 [info] > git show --textconv HEAD:.vscode-server/cli/servers/Stable-138f619c86f1199955d53b4166bef66ef252935c/server/extensions/configuration-editing/package.nls.json [14096ms]
2025-01-29 15:28:53.024 [info] > git show --textconv HEAD:.vscode-server/cli/servers/Stable-138f619c86f1199955d53b4166bef66ef252935c/server/extensions/configuration-editing/dist/configurationEditingMain.js [14084ms]
2025-01-29 15:28:53.025 [info] > git show --textconv HEAD:.vscode-server/cli/servers/Stable-138f619c86f1199955d53b4166bef66ef252935c/server/extensions/configuration-editing/dist/configurationEditingMain.js.LICENSE.txt [14079ms]
2025-01-29 15:28:53.028 [info] > git show --textconv HEAD:.vscode-server/cli/servers/Stable-138f619c86f1199955d53b4166bef66ef252935c/server/extensions/configuration-editing/images/icon.png [14069ms]
2025-01-29 15:28:53.028 [info] > git show --textconv HEAD:.vscode-server/cli/servers/Stable-138f619c86f1199955d53b4166bef66ef252935c/server/extensions/configuration-editing/schemas/attachContainer.schema.json [14059ms]
2025-01-29 15:28:53.029 [info] > git show --textconv HEAD:.vscode-server/cli/servers/Stable-138f619c86f1199955d53b4166bef66ef252935c/server/extensions/css-language-features/package.json [14035ms]
2025-01-29 15:28:53.030 [info] > git show --textconv HEAD:.vscode-server/cli/servers/Stable-138f619c86f1199955d53b4166bef66ef252935c/server/extensions/css-language-features/package.nls.json [14024ms]
2025-01-29 15:28:53.030 [info] > git show --textconv HEAD:.vscode-server/cli/servers/Stable-138f619c86f1199955d53b4166bef66ef252935c/server/extensions/css-language-features/README.md [14014ms]
2025-01-29 15:28:53.036 [info] > git show --textconv HEAD:.vscode-server/cli/servers/Stable-138f619c86f1199955d53b4166bef66ef252935c/server/extensions/css-language-features/client/dist/node/cssClientMain.js [14013ms]
2025-01-29 15:28:53.036 [info] > git show --textconv HEAD:.vscode-server/cli/servers/Stable-138f619c86f1199955d53b4166bef66ef252935c/server/extensions/css-language-features/icons/css.png [14004ms]
2025-01-29 15:28:53.036 [info] > git show --textconv HEAD:.vscode-server/cli/servers/Stable-138f619c86f1199955d53b4166bef66ef252935c/server/extensions/css-language-features/schemas/package.schema.json [13992ms]
2025-01-29 15:28:53.036 [info] > git show --textconv HEAD:.vscode-server/cli/servers/Stable-138f619c86f1199955d53b4166bef66ef252935c/server/extensions/css-language-features/server/.npmrc [13982ms]
2025-01-29 15:28:53.037 [info] > git show --textconv HEAD:.vscode-server/cli/servers/Stable-138f619c86f1199955d53b4166bef66ef252935c/server/extensions/css-language-features/server/package.json [13966ms]
2025-01-29 15:28:53.037 [info] > git show --textconv HEAD:.vscode-server/cli/servers/Stable-138f619c86f1199955d53b4166bef66ef252935c/server/extensions/css-language-features/server/dist/node/85.cssServerMain.js [13932ms]
2025-01-29 15:28:53.038 [info] > git show --textconv HEAD:.vscode-server/cli/servers/Stable-138f619c86f1199955d53b4166bef66ef252935c/server/extensions/css-language-features/server/dist/node/920.cssServerMain.js [13917ms]
2025-01-29 15:28:53.038 [info] > git show --textconv HEAD:.vscode-server/cli/servers/Stable-138f619c86f1199955d53b4166bef66ef252935c/server/extensions/css-language-features/server/dist/node/cssServerMain.js [13908ms]
2025-01-29 15:28:53.038 [info] > git show --textconv HEAD:.vscode-server/cli/servers/Stable-138f619c86f1199955d53b4166bef66ef252935c/server/extensions/debug-auto-launch/package.json [13901ms]
2025-01-29 15:28:53.039 [info] > git show --textconv HEAD:.vscode-server/cli/servers/Stable-138f619c86f1199955d53b4166bef66ef252935c/server/extensions/debug-auto-launch/package.nls.json [13896ms]
2025-01-29 15:28:53.039 [info] > git show --textconv HEAD:.vscode-server/cli/servers/Stable-138f619c86f1199955d53b4166bef66ef252935c/server/extensions/debug-auto-launch/.vscode/launch.json [13877ms]
2025-01-29 15:28:53.039 [info] > git show --textconv HEAD:.vscode-server/cli/servers/Stable-138f619c86f1199955d53b4166bef66ef252935c/server/extensions/debug-auto-launch/dist/extension.js [13864ms]
2025-01-29 15:28:53.040 [info] > git show --textconv HEAD:.vscode-server/cli/servers/Stable-138f619c86f1199955d53b4166bef66ef252935c/server/extensions/debug-auto-launch/media/icon.png [13856ms]
2025-01-29 15:28:53.040 [info] > git show --textconv HEAD:.vscode-server/cli/servers/Stable-138f619c86f1199955d53b4166bef66ef252935c/server/extensions/debug-server-ready/package.json [13833ms]
2025-01-29 15:28:53.040 [info] > git show --textconv HEAD:.vscode-server/cli/servers/Stable-138f619c86f1199955d53b4166bef66ef252935c/server/extensions/debug-server-ready/package.nls.json [13754ms]
2025-01-29 15:28:53.041 [info] > git show --textconv HEAD:.vscode-server/cli/servers/Stable-138f619c86f1199955d53b4166bef66ef252935c/server/extensions/debug-server-ready/dist/extension.js [13748ms]
2025-01-29 15:28:53.041 [info] > git show --textconv HEAD:.vscode-server/cli/servers/Stable-138f619c86f1199955d53b4166bef66ef252935c/server/extensions/debug-server-ready/media/icon.png [13737ms]
2025-01-29 15:28:53.041 [info] > git show --textconv HEAD:.vscode-server/cli/servers/Stable-138f619c86f1199955d53b4166bef66ef252935c/server/extensions/emmet/package.json [13731ms]
2025-01-29 15:28:53.042 [info] > git show --textconv HEAD:.vscode-server/cli/servers/Stable-138f619c86f1199955d53b4166bef66ef252935c/server/extensions/emmet/package.nls.json [13715ms]
2025-01-29 15:28:53.043 [info] > git show --textconv HEAD:.vscode-server/cli/servers/Stable-138f619c86f1199955d53b4166bef66ef252935c/server/extensions/emmet/README.md [13711ms]
2025-01-29 15:28:53.043 [info] > git show --textconv HEAD:.vscode-server/cli/servers/Stable-138f619c86f1199955d53b4166bef66ef252935c/server/extensions/emmet/dist/node/emmetNodeMain.js [13704ms]
2025-01-29 15:28:53.043 [info] > git show --textconv HEAD:.vscode-server/cli/servers/Stable-138f619c86f1199955d53b4166bef66ef252935c/server/extensions/emmet/images/icon.png [13697ms]
2025-01-29 15:28:53.044 [info] > git show --textconv HEAD:.vscode-server/cli/servers/Stable-138f619c86f1199955d53b4166bef66ef252935c/server/extensions/extension-editing/package.json [13691ms]
2025-01-29 15:28:53.044 [info] > git show --textconv HEAD:.vscode-server/cli/servers/Stable-138f619c86f1199955d53b4166bef66ef252935c/server/extensions/extension-editing/package.nls.json [13685ms]
2025-01-29 15:28:53.046 [info] > git show --textconv HEAD:.vscode-server/cli/servers/Stable-138f619c86f1199955d53b4166bef66ef252935c/server/extensions/extension-editing/dist/extensionEditingMain.js [13682ms]
2025-01-29 15:28:53.046 [info] > git show --textconv HEAD:.vscode-server/cli/servers/Stable-138f619c86f1199955d53b4166bef66ef252935c/server/extensions/extension-editing/images/icon.png [13676ms]
2025-01-29 15:28:53.048 [info] > git show --textconv HEAD:.vscode-server/cli/servers/Stable-138f619c86f1199955d53b4166bef66ef252935c/server/extensions/git/package.json [13672ms]
2025-01-29 15:28:53.048 [info] > git show --textconv HEAD:.vscode-server/cli/servers/Stable-138f619c86f1199955d53b4166bef66ef252935c/server/extensions/git/package.nls.json [13663ms]
2025-01-29 15:28:53.048 [info] > git show --textconv HEAD:.vscode-server/cli/servers/Stable-138f619c86f1199955d53b4166bef66ef252935c/server/extensions/git/README.md [13657ms]
2025-01-29 15:28:53.049 [info] > git show --textconv HEAD:.vscode-server/cli/servers/Stable-138f619c86f1199955d53b4166bef66ef252935c/server/extensions/git/dist/askpass-empty.sh [13652ms]
2025-01-29 15:28:53.049 [info] > git show --textconv HEAD:.vscode-server/cli/servers/Stable-138f619c86f1199955d53b4166bef66ef252935c/server/extensions/git/dist/askpass-main.js [13644ms]
2025-01-29 15:28:53.049 [info] > git show --textconv HEAD:.vscode-server/cli/servers/Stable-138f619c86f1199955d53b4166bef66ef252935c/server/extensions/git/dist/askpass.sh [13634ms]
2025-01-29 15:28:53.050 [info] > git show --textconv HEAD:.vscode-server/cli/servers/Stable-138f619c86f1199955d53b4166bef66ef252935c/server/extensions/git/dist/git-editor-empty.sh [13621ms]
2025-01-29 15:28:53.050 [info] > git show --textconv HEAD:.vscode-server/cli/servers/Stable-138f619c86f1199955d53b4166bef66ef252935c/server/extensions/git/dist/git-editor-main.js [13605ms]
2025-01-29 15:28:53.050 [info] > git show --textconv HEAD:.vscode-server/cli/servers/Stable-138f619c86f1199955d53b4166bef66ef252935c/server/extensions/git/dist/git-editor.sh [13584ms]
2025-01-29 15:28:53.054 [info] > git show --textconv HEAD:.vscode-server/cli/servers/Stable-138f619c86f1199955d53b4166bef66ef252935c/server/extensions/git/dist/main.js [13570ms]
2025-01-29 15:28:53.073 [info] > git show --textconv HEAD:.vscode-server/cli/servers/Stable-138f619c86f1199955d53b4166bef66ef252935c/server/extensions/git/dist/main.js.LICENSE.txt [13576ms]
2025-01-29 15:28:53.073 [info] > git show --textconv HEAD:.vscode-server/cli/servers/Stable-138f619c86f1199955d53b4166bef66ef252935c/server/extensions/git/dist/ssh-askpass-empty.sh [13567ms]
2025-01-29 15:28:53.074 [info] > git show --textconv HEAD:.vscode-server/cli/servers/Stable-138f619c86f1199955d53b4166bef66ef252935c/server/extensions/git/dist/ssh-askpass.sh [13556ms]
2025-01-29 15:28:53.074 [info] > git show --textconv HEAD:.vscode-server/cli/servers/Stable-138f619c86f1199955d53b4166bef66ef252935c/server/extensions/git/resources/emojis.json [13541ms]
2025-01-29 15:28:53.074 [info] > git show --textconv HEAD:.vscode-server/cli/servers/Stable-138f619c86f1199955d53b4166bef66ef252935c/server/extensions/git/resources/icons/git.png [13533ms]
2025-01-29 15:28:53.075 [info] > git show --textconv HEAD:.vscode-server/cli/servers/Stable-138f619c86f1199955d53b4166bef66ef252935c/server/extensions/git/resources/icons/dark/status-added.svg [13524ms]
2025-01-29 15:28:53.075 [info] > git show --textconv HEAD:.vscode-server/cli/servers/Stable-138f619c86f1199955d53b4166bef66ef252935c/server/extensions/git/resources/icons/dark/status-conflict.svg [13514ms]
2025-01-29 15:28:53.075 [info] > git show --textconv HEAD:.vscode-server/cli/servers/Stable-138f619c86f1199955d53b4166bef66ef252935c/server/extensions/git/resources/icons/dark/status-copied.svg [13507ms]
2025-01-29 15:28:53.076 [info] > git show --textconv HEAD:.vscode-server/cli/servers/Stable-138f619c86f1199955d53b4166bef66ef252935c/server/extensions/git/resources/icons/dark/status-deleted.svg [13496ms]
2025-01-29 15:28:53.076 [info] > git show --textconv HEAD:.vscode-server/cli/servers/Stable-138f619c86f1199955d53b4166bef66ef252935c/server/extensions/git/resources/icons/dark/status-ignored.svg [13476ms]
2025-01-29 15:28:53.076 [info] > git show --textconv HEAD:.vscode-server/cli/servers/Stable-138f619c86f1199955d53b4166bef66ef252935c/server/extensions/git/resources/icons/dark/status-modified.svg [13458ms]
2025-01-29 15:28:53.077 [info] > git show --textconv HEAD:.vscode-server/cli/servers/Stable-138f619c86f1199955d53b4166bef66ef252935c/server/extensions/git/resources/icons/dark/status-renamed.svg [13450ms]
2025-01-29 15:28:53.077 [info] > git show --textconv HEAD:.vscode-server/cli/servers/Stable-138f619c86f1199955d53b4166bef66ef252935c/server/extensions/git/resources/icons/dark/status-type-changed.svg [13434ms]
2025-01-29 15:28:53.077 [info] > git show --textconv HEAD:.vscode-server/cli/servers/Stable-138f619c86f1199955d53b4166bef66ef252935c/server/extensions/git/resources/icons/dark/status-untracked.svg [13422ms]
2025-01-29 15:28:53.078 [info] > git show --textconv HEAD:.vscode-server/cli/servers/Stable-138f619c86f1199955d53b4166bef66ef252935c/server/extensions/git/resources/icons/light/status-added.svg [13416ms]
2025-01-29 15:28:53.078 [info] > git show --textconv HEAD:.vscode-server/cli/servers/Stable-138f619c86f1199955d53b4166bef66ef252935c/server/extensions/git/resources/icons/light/status-conflict.svg [13401ms]
2025-01-29 15:28:53.078 [info] > git show --textconv HEAD:.vscode-server/cli/servers/Stable-138f619c86f1199955d53b4166bef66ef252935c/server/extensions/git/resources/icons/light/status-copied.svg [13395ms]
2025-01-29 15:28:53.079 [info] > git show --textconv HEAD:.vscode-server/cli/servers/Stable-138f619c86f1199955d53b4166bef66ef252935c/server/extensions/git/resources/icons/light/status-deleted.svg [13387ms]
2025-01-29 15:28:53.100 [info] > git show --textconv HEAD:.vscode-server/cli/servers/Stable-138f619c86f1199955d53b4166bef66ef252935c/server/extensions/git/resources/icons/light/status-ignored.svg [13398ms]
2025-01-29 15:28:53.104 [info] > git show --textconv HEAD:.vscode-server/cli/servers/Stable-138f619c86f1199955d53b4166bef66ef252935c/server/extensions/git/resources/icons/light/status-modified.svg [13382ms]
2025-01-29 15:28:53.104 [info] > git show --textconv HEAD:.vscode-server/cli/servers/Stable-138f619c86f1199955d53b4166bef66ef252935c/server/extensions/git/resources/icons/light/status-renamed.svg [13356ms]
2025-01-29 15:28:53.107 [info] > git show --textconv HEAD:.vscode-server/cli/servers/Stable-138f619c86f1199955d53b4166bef66ef252935c/server/extensions/git/resources/icons/light/status-type-changed.svg [13345ms]
2025-01-29 15:28:53.107 [info] > git show --textconv HEAD:.vscode-server/cli/servers/Stable-138f619c86f1199955d53b4166bef66ef252935c/server/extensions/git/resources/icons/light/status-untracked.svg [13327ms]
2025-01-29 15:28:53.108 [info] > git show --textconv HEAD:.vscode-server/cli/servers/Stable-138f619c86f1199955d53b4166bef66ef252935c/server/extensions/git-base/package.json [13285ms]
2025-01-29 15:28:53.108 [info] > git show --textconv HEAD:.vscode-server/cli/servers/Stable-138f619c86f1199955d53b4166bef66ef252935c/server/extensions/git-base/package.nls.json [13273ms]
2025-01-29 15:28:53.108 [info] > git show --textconv HEAD:.vscode-server/cli/servers/Stable-138f619c86f1199955d53b4166bef66ef252935c/server/extensions/git-base/README.md [13241ms]
2025-01-29 15:28:53.112 [info] > git show --textconv HEAD:.vscode-server/cli/servers/Stable-138f619c86f1199955d53b4166bef66ef252935c/server/extensions/git-base/dist/extension.js [13204ms]
2025-01-29 15:28:53.112 [info] > git show --textconv HEAD:.vscode-server/cli/servers/Stable-138f619c86f1199955d53b4166bef66ef252935c/server/extensions/git-base/languages/git-commit.language-configuration.json [13158ms]
2025-01-29 15:28:53.113 [info] > git show --textconv HEAD:.vscode-server/cli/servers/Stable-138f619c86f1199955d53b4166bef66ef252935c/server/extensions/git-base/languages/git-rebase.language-configuration.json [13130ms]
2025-01-29 15:28:53.113 [info] > git show --textconv HEAD:.vscode-server/cli/servers/Stable-138f619c86f1199955d53b4166bef66ef252935c/server/extensions/git-base/languages/ignore.language-configuration.json [13118ms]
2025-01-29 15:28:53.114 [info] > git show --textconv HEAD:.vscode-server/cli/servers/Stable-138f619c86f1199955d53b4166bef66ef252935c/server/extensions/git-base/resources/icons/git.png [13094ms]
2025-01-29 15:28:53.114 [info] > git show --textconv HEAD:.vscode-server/cli/servers/Stable-138f619c86f1199955d53b4166bef66ef252935c/server/extensions/git-base/syntaxes/git-commit.tmLanguage.json [13070ms]
2025-01-29 15:28:53.114 [info] > git show --textconv HEAD:.vscode-server/cli/servers/Stable-138f619c86f1199955d53b4166bef66ef252935c/server/extensions/git-base/syntaxes/git-rebase.tmLanguage.json [13021ms]
2025-01-29 15:28:53.115 [info] > git show --textconv HEAD:.vscode-server/cli/servers/Stable-138f619c86f1199955d53b4166bef66ef252935c/server/extensions/git-base/syntaxes/ignore.tmLanguage.json [13008ms]
2025-01-29 15:28:53.116 [info] > git show --textconv HEAD:.vscode-server/cli/servers/Stable-138f619c86f1199955d53b4166bef66ef252935c/server/extensions/github/markdown.css [12996ms]
2025-01-29 15:28:53.117 [info] > git show --textconv HEAD:.vscode-server/cli/servers/Stable-138f619c86f1199955d53b4166bef66ef252935c/server/extensions/github/package.json [12984ms]
2025-01-29 15:28:53.120 [info] > git show --textconv HEAD:.vscode-server/cli/servers/Stable-138f619c86f1199955d53b4166bef66ef252935c/server/extensions/github/package.nls.json [12920ms]
2025-01-29 15:28:53.123 [info] > git show --textconv HEAD:.vscode-server/cli/servers/Stable-138f619c86f1199955d53b4166bef66ef252935c/server/extensions/github/README.md [12913ms]
2025-01-29 15:28:53.128 [info] > git show --textconv HEAD:.vscode-server/cli/servers/Stable-138f619c86f1199955d53b4166bef66ef252935c/server/extensions/github/dist/extension.js [12894ms]
2025-01-29 15:28:53.128 [info] > git show --textconv HEAD:.vscode-server/cli/servers/Stable-138f619c86f1199955d53b4166bef66ef252935c/server/extensions/github/dist/extension.js.LICENSE.txt [12881ms]
2025-01-29 15:28:53.129 [info] > git show --textconv HEAD:.vscode-server/cli/servers/Stable-138f619c86f1199955d53b4166bef66ef252935c/server/extensions/github/images/icon.png [12869ms]
2025-01-29 15:28:53.132 [info] > git show --textconv HEAD:.vscode-server/cli/servers/Stable-138f619c86f1199955d53b4166bef66ef252935c/server/extensions/github/testWorkspace/PULL_REQUEST_TEMPLATE.md [12860ms]
2025-01-29 15:28:53.136 [info] > git show --textconv HEAD:.vscode-server/cli/servers/Stable-138f619c86f1199955d53b4166bef66ef252935c/server/extensions/github/testWorkspace/some-markdown.md [12853ms]
2025-01-29 15:28:53.138 [info] > git show --textconv HEAD:.vscode-server/cli/servers/Stable-138f619c86f1199955d53b4166bef66ef252935c/server/extensions/github/testWorkspace/x.txt [12845ms]
2025-01-29 15:28:53.138 [info] > git show --textconv HEAD:.vscode-server/cli/servers/Stable-138f619c86f1199955d53b4166bef66ef252935c/server/extensions/github/testWorkspace/.github/PULL_REQUEST_TEMPLATE.md [12839ms]
2025-01-29 15:28:53.140 [info] > git show --textconv HEAD:.vscode-server/cli/servers/Stable-138f619c86f1199955d53b4166bef66ef252935c/server/extensions/github/testWorkspace/.github/PULL_REQUEST_TEMPLATE/a.md [12836ms]
2025-01-29 15:28:53.140 [info] > git show --textconv HEAD:.vscode-server/cli/servers/Stable-138f619c86f1199955d53b4166bef66ef252935c/server/extensions/github/testWorkspace/.github/PULL_REQUEST_TEMPLATE/b.md [12817ms]
2025-01-29 15:28:53.141 [info] > git show --textconv HEAD:.vscode-server/cli/servers/Stable-138f619c86f1199955d53b4166bef66ef252935c/server/extensions/github/testWorkspace/.github/PULL_REQUEST_TEMPLATE/x.txt [12811ms]
2025-01-29 15:28:53.144 [info] > git show --textconv HEAD:.vscode-server/cli/servers/Stable-138f619c86f1199955d53b4166bef66ef252935c/server/extensions/github/testWorkspace/PULL_REQUEST_TEMPLATE/a.md [12808ms]
2025-01-29 15:28:53.144 [info] > git show --textconv HEAD:.vscode-server/cli/servers/Stable-138f619c86f1199955d53b4166bef66ef252935c/server/extensions/github/testWorkspace/PULL_REQUEST_TEMPLATE/b.md [12800ms]
2025-01-29 15:28:53.145 [info] > git show --textconv HEAD:.vscode-server/cli/servers/Stable-138f619c86f1199955d53b4166bef66ef252935c/server/extensions/github/testWorkspace/PULL_REQUEST_TEMPLATE/x.txt [12795ms]
2025-01-29 15:28:53.145 [info] > git show --textconv HEAD:.vscode-server/cli/servers/Stable-138f619c86f1199955d53b4166bef66ef252935c/server/extensions/github/testWorkspace/docs/PULL_REQUEST_TEMPLATE.md [12653ms]
2025-01-29 15:28:53.145 [info] > git show --textconv HEAD:.vscode-server/cli/servers/Stable-138f619c86f1199955d53b4166bef66ef252935c/server/extensions/github/testWorkspace/docs/PULL_REQUEST_TEMPLATE/a.md [12644ms]
2025-01-29 15:28:53.147 [info] > git show --textconv HEAD:.vscode-server/cli/servers/Stable-138f619c86f1199955d53b4166bef66ef252935c/server/extensions/github/testWorkspace/docs/PULL_REQUEST_TEMPLATE/b.md [12639ms]
2025-01-29 15:28:53.148 [info] > git show --textconv HEAD:.vscode-server/cli/servers/Stable-138f619c86f1199955d53b4166bef66ef252935c/server/extensions/github/testWorkspace/docs/PULL_REQUEST_TEMPLATE/x.txt [12634ms]
2025-01-29 15:28:53.149 [info] > git show --textconv HEAD:.vscode-server/cli/servers/Stable-138f619c86f1199955d53b4166bef66ef252935c/server/extensions/github-authentication/package.json [12628ms]
2025-01-29 15:28:53.152 [info] > git show --textconv HEAD:.vscode-server/cli/servers/Stable-138f619c86f1199955d53b4166bef66ef252935c/server/extensions/github-authentication/package.nls.json [12617ms]
2025-01-29 15:28:53.152 [info] > git show --textconv HEAD:.vscode-server/cli/servers/Stable-138f619c86f1199955d53b4166bef66ef252935c/server/extensions/github-authentication/README.md [12610ms]
2025-01-29 15:28:53.156 [info] > git show --textconv HEAD:.vscode-server/cli/servers/Stable-138f619c86f1199955d53b4166bef66ef252935c/server/extensions/github-authentication/dist/extension.js [12597ms]
2025-01-29 15:28:53.160 [info] > git show --textconv HEAD:.vscode-server/cli/servers/Stable-138f619c86f1199955d53b4166bef66ef252935c/server/extensions/github-authentication/images/icon.png [12594ms]
2025-01-29 15:28:53.160 [info] > git show --textconv HEAD:.vscode-server/cli/servers/Stable-138f619c86f1199955d53b4166bef66ef252935c/server/extensions/github-authentication/media/auth.css [12586ms]
2025-01-29 15:28:53.161 [info] > git show --textconv HEAD:.vscode-server/cli/servers/Stable-138f619c86f1199955d53b4166bef66ef252935c/server/extensions/github-authentication/media/favicon.ico [12573ms]
2025-01-29 15:28:53.164 [info] > git show --textconv HEAD:.vscode-server/cli/servers/Stable-138f619c86f1199955d53b4166bef66ef252935c/server/extensions/github-authentication/media/icon.png [12565ms]
2025-01-29 15:28:53.165 [info] > git show --textconv HEAD:.vscode-server/cli/servers/Stable-138f619c86f1199955d53b4166bef66ef252935c/server/extensions/github-authentication/media/index.html [12552ms]
2025-01-29 15:28:53.166 [info] > git show --textconv HEAD:.vscode-server/cli/servers/Stable-138f619c86f1199955d53b4166bef66ef252935c/server/extensions/grunt/package.json [12541ms]
2025-01-29 15:28:53.166 [info] > git show --textconv HEAD:.vscode-server/cli/servers/Stable-138f619c86f1199955d53b4166bef66ef252935c/server/extensions/grunt/package.nls.json [12525ms]
2025-01-29 15:28:53.166 [info] > git show --textconv HEAD:.vscode-server/cli/servers/Stable-138f619c86f1199955d53b4166bef66ef252935c/server/extensions/grunt/README.md [12512ms]
2025-01-29 15:28:53.168 [info] > git show --textconv HEAD:.vscode-server/cli/servers/Stable-138f619c86f1199955d53b4166bef66ef252935c/server/extensions/grunt/dist/main.js [12498ms]
2025-01-29 15:28:53.168 [info] > git show --textconv HEAD:.vscode-server/cli/servers/Stable-138f619c86f1199955d53b4166bef66ef252935c/server/extensions/grunt/images/grunt.png [12485ms]
2025-01-29 15:28:53.169 [info] > git show --textconv HEAD:.vscode-server/cli/servers/Stable-138f619c86f1199955d53b4166bef66ef252935c/server/extensions/gulp/package.json [12469ms]
2025-01-29 15:28:53.169 [info] > git show --textconv HEAD:.vscode-server/cli/servers/Stable-138f619c86f1199955d53b4166bef66ef252935c/server/extensions/gulp/package.nls.json [12453ms]
2025-01-29 15:28:53.169 [info] > git show --textconv HEAD:.vscode-server/cli/servers/Stable-138f619c86f1199955d53b4166bef66ef252935c/server/extensions/gulp/README.md [12439ms]
2025-01-29 15:28:53.169 [info] > git show --textconv HEAD:.vscode-server/cli/servers/Stable-138f619c86f1199955d53b4166bef66ef252935c/server/extensions/gulp/dist/main.js [12428ms]
2025-01-29 15:28:53.170 [info] > git show --textconv HEAD:.vscode-server/cli/servers/Stable-138f619c86f1199955d53b4166bef66ef252935c/server/extensions/gulp/images/gulp.png [12411ms]
2025-01-29 15:28:53.170 [info] > git show --textconv HEAD:.vscode-server/cli/servers/Stable-138f619c86f1199955d53b4166bef66ef252935c/server/extensions/html-language-features/package.json [12403ms]
2025-01-29 15:28:53.170 [info] > git show --textconv HEAD:.vscode-server/cli/servers/Stable-138f619c86f1199955d53b4166bef66ef252935c/server/extensions/html-language-features/package.nls.json [12392ms]
2025-01-29 15:28:53.171 [info] > git show --textconv HEAD:.vscode-server/cli/servers/Stable-138f619c86f1199955d53b4166bef66ef252935c/server/extensions/html-language-features/README.md [12379ms]
2025-01-29 15:28:53.171 [info] > git show --textconv HEAD:.vscode-server/cli/servers/Stable-138f619c86f1199955d53b4166bef66ef252935c/server/extensions/html-language-features/client/dist/node/htmlClientMain.js [12364ms]
2025-01-29 15:28:53.174 [info] > git show --textconv HEAD:.vscode-server/cli/servers/Stable-138f619c86f1199955d53b4166bef66ef252935c/server/extensions/html-language-features/icons/html.png [12350ms]
2025-01-29 15:28:53.178 [info] > git show --textconv HEAD:.vscode-server/cli/servers/Stable-138f619c86f1199955d53b4166bef66ef252935c/server/extensions/html-language-features/schemas/package.schema.json [12344ms]
2025-01-29 15:28:53.178 [info] > git show --textconv HEAD:.vscode-server/cli/servers/Stable-138f619c86f1199955d53b4166bef66ef252935c/server/extensions/html-language-features/server/.npmrc [12327ms]
2025-01-29 15:28:53.183 [info] > git show --textconv HEAD:.vscode-server/cli/servers/Stable-138f619c86f1199955d53b4166bef66ef252935c/server/extensions/html-language-features/server/package.json [12320ms]
2025-01-29 15:28:53.186 [info] > git show --textconv HEAD:.vscode-server/cli/servers/Stable-138f619c86f1199955d53b4166bef66ef252935c/server/extensions/html-language-features/server/dist/node/421.htmlServerMain.js [12316ms]
2025-01-29 15:28:53.187 [info] > git show --textconv HEAD:.vscode-server/cli/servers/Stable-138f619c86f1199955d53b4166bef66ef252935c/server/extensions/html-language-features/server/dist/node/490.htmlServerMain.js [12300ms]
2025-01-29 15:28:53.187 [info] > git show --textconv HEAD:.vscode-server/cli/servers/Stable-138f619c86f1199955d53b4166bef66ef252935c/server/extensions/html-language-features/server/dist/node/769.htmlServerMain.js [12292ms]
2025-01-29 15:28:53.188 [info] > git show --textconv HEAD:.vscode-server/cli/servers/Stable-138f619c86f1199955d53b4166bef66ef252935c/server/extensions/html-language-features/server/dist/node/htmlServerMain.js [12248ms]
2025-01-29 15:28:53.192 [info] > git show --textconv HEAD:.vscode-server/cli/servers/Stable-138f619c86f1199955d53b4166bef66ef252935c/server/extensions/html-language-features/server/lib/jquery.d.ts [12228ms]
2025-01-29 15:28:53.201 [info] > git show --textconv HEAD:.vscode-server/cli/servers/Stable-138f619c86f1199955d53b4166bef66ef252935c/server/extensions/ipynb/package.json [12220ms]
2025-01-29 15:28:53.201 [info] > git show --textconv HEAD:.vscode-server/cli/servers/Stable-138f619c86f1199955d53b4166bef66ef252935c/server/extensions/ipynb/package.nls.json [12222ms]
2025-01-29 15:28:53.202 [info] > git show --textconv HEAD:.vscode-server/cli/servers/Stable-138f619c86f1199955d53b4166bef66ef252935c/server/extensions/ipynb/README.md [12209ms]
2025-01-29 15:28:53.202 [info] > git show --textconv HEAD:.vscode-server/cli/servers/Stable-138f619c86f1199955d53b4166bef66ef252935c/server/extensions/ipynb/dist/ipynbMain.node.js [12200ms]
2025-01-29 15:28:53.202 [info] > git show --textconv HEAD:.vscode-server/cli/servers/Stable-138f619c86f1199955d53b4166bef66ef252935c/server/extensions/ipynb/dist/notebookSerializerWorker.js [12191ms]
2025-01-29 15:28:53.203 [info] > git show --textconv HEAD:.vscode-server/cli/servers/Stable-138f619c86f1199955d53b4166bef66ef252935c/server/extensions/ipynb/media/icon.png [12165ms]
2025-01-29 15:28:53.203 [info] > git show --textconv HEAD:.vscode-server/cli/servers/Stable-138f619c86f1199955d53b4166bef66ef252935c/server/extensions/ipynb/notebook-out/cellAttachmentRenderer.js [12150ms]
2025-01-29 15:28:53.203 [info] > git show --textconv HEAD:.vscode-server/cli/servers/Stable-138f619c86f1199955d53b4166bef66ef252935c/server/extensions/jake/package.json [12136ms]
2025-01-29 15:28:53.203 [info] > git show --textconv HEAD:.vscode-server/cli/servers/Stable-138f619c86f1199955d53b4166bef66ef252935c/server/extensions/jake/package.nls.json [12092ms]
2025-01-29 15:28:53.204 [info] > git show --textconv HEAD:.vscode-server/cli/servers/Stable-138f619c86f1199955d53b4166bef66ef252935c/server/extensions/jake/README.md [12080ms]
2025-01-29 15:28:53.212 [info] > git show --textconv HEAD:.vscode-server/cli/servers/Stable-138f619c86f1199955d53b4166bef66ef252935c/server/extensions/jake/dist/main.js [12051ms]
2025-01-29 15:28:53.212 [info] > git show --textconv HEAD:.vscode-server/cli/servers/Stable-138f619c86f1199955d53b4166bef66ef252935c/server/extensions/jake/images/cowboy_hat.png [12045ms]
2025-01-29 15:28:53.213 [info] > git show --textconv HEAD:.vscode-server/cli/servers/Stable-138f619c86f1199955d53b4166bef66ef252935c/server/extensions/json-language-features/package.json [12000ms]
2025-01-29 15:28:53.213 [info] > git show --textconv HEAD:.vscode-server/cli/servers/Stable-138f619c86f1199955d53b4166bef66ef252935c/server/extensions/json-language-features/package.nls.json [11989ms]
2025-01-29 15:28:53.213 [info] > git show --textconv HEAD:.vscode-server/cli/servers/Stable-138f619c86f1199955d53b4166bef66ef252935c/server/extensions/json-language-features/README.md [11956ms]
2025-01-29 15:28:53.213 [info] > git show --textconv HEAD:.vscode-server/cli/servers/Stable-138f619c86f1199955d53b4166bef66ef252935c/server/extensions/json-language-features/client/dist/node/jsonClientMain.js [11928ms]
2025-01-29 15:28:53.215 [info] > git show --textconv HEAD:.vscode-server/cli/servers/Stable-138f619c86f1199955d53b4166bef66ef252935c/server/extensions/json-language-features/icons/json.png [11916ms]
2025-01-29 15:28:53.215 [info] > git show --textconv HEAD:.vscode-server/cli/servers/Stable-138f619c86f1199955d53b4166bef66ef252935c/server/extensions/json-language-features/server/.npmrc [11893ms]
2025-01-29 15:28:53.220 [info] > git show --textconv HEAD:.vscode-server/cli/servers/Stable-138f619c86f1199955d53b4166bef66ef252935c/server/extensions/json-language-features/server/package.json [11877ms]
2025-01-29 15:28:53.220 [info] > git show --textconv HEAD:.vscode-server/cli/servers/Stable-138f619c86f1199955d53b4166bef66ef252935c/server/extensions/json-language-features/server/dist/node/774.jsonServerMain.js [11858ms]
2025-01-29 15:28:53.221 [info] > git show --textconv HEAD:.vscode-server/cli/servers/Stable-138f619c86f1199955d53b4166bef66ef252935c/server/extensions/json-language-features/server/dist/node/875.jsonServerMain.js [11822ms]
2025-01-29 15:28:53.221 [info] > git show --textconv HEAD:.vscode-server/cli/servers/Stable-138f619c86f1199955d53b4166bef66ef252935c/server/extensions/json-language-features/server/dist/node/jsonServerMain.js [11809ms]
2025-01-29 15:28:53.221 [info] > git show --textconv HEAD:.vscode-server/cli/servers/Stable-138f619c86f1199955d53b4166bef66ef252935c/server/extensions/markdown-language-features/icon.png [11793ms]
2025-01-29 15:28:53.222 [info] > git show --textconv HEAD:.vscode-server/cli/servers/Stable-138f619c86f1199955d53b4166bef66ef252935c/server/extensions/markdown-language-features/package.json [11775ms]
2025-01-29 15:28:53.222 [info] > git show --textconv HEAD:.vscode-server/cli/servers/Stable-138f619c86f1199955d53b4166bef66ef252935c/server/extensions/markdown-language-features/package.nls.json [11762ms]
2025-01-29 15:28:53.222 [info] > git show --textconv HEAD:.vscode-server/cli/servers/Stable-138f619c86f1199955d53b4166bef66ef252935c/server/extensions/markdown-language-features/README.md [11755ms]
2025-01-29 15:28:53.223 [info] > git show --textconv HEAD:.vscode-server/cli/servers/Stable-138f619c86f1199955d53b4166bef66ef252935c/server/extensions/markdown-language-features/dist/extension.js [11741ms]
2025-01-29 15:28:53.223 [info] > git show --textconv HEAD:.vscode-server/cli/servers/Stable-138f619c86f1199955d53b4166bef66ef252935c/server/extensions/markdown-language-features/dist/serverWorkerMain.js [11736ms]
2025-01-29 15:28:53.228 [info] > git show --textconv HEAD:.vscode-server/cli/servers/Stable-138f619c86f1199955d53b4166bef66ef252935c/server/extensions/markdown-language-features/dist/serverWorkerMain.js.LICENSE.txt [11719ms]
2025-01-29 15:28:53.228 [info] > git show --textconv HEAD:.vscode-server/cli/servers/Stable-138f619c86f1199955d53b4166bef66ef252935c/server/extensions/markdown-language-features/media/highlight.css [11717ms]
2025-01-29 15:28:53.229 [info] > git show --textconv HEAD:.vscode-server/cli/servers/Stable-138f619c86f1199955d53b4166bef66ef252935c/server/extensions/markdown-language-features/media/index.js [11709ms]
2025-01-29 15:28:53.229 [info] > git show --textconv HEAD:.vscode-server/cli/servers/Stable-138f619c86f1199955d53b4166bef66ef252935c/server/extensions/markdown-language-features/media/markdown.css [11690ms]
2025-01-29 15:28:53.229 [info] > git show --textconv HEAD:.vscode-server/cli/servers/Stable-138f619c86f1199955d53b4166bef66ef252935c/server/extensions/markdown-language-features/media/pre.js [11677ms]
2025-01-29 15:28:53.229 [info] > git show --textconv HEAD:.vscode-server/cli/servers/Stable-138f619c86f1199955d53b4166bef66ef252935c/server/extensions/markdown-language-features/media/preview-dark.svg [11670ms]
2025-01-29 15:28:53.230 [info] > git show --textconv HEAD:.vscode-server/cli/servers/Stable-138f619c86f1199955d53b4166bef66ef252935c/server/extensions/markdown-language-features/media/preview-light.svg [11647ms]
2025-01-29 15:28:53.230 [info] > git show --textconv HEAD:.vscode-server/cli/servers/Stable-138f619c86f1199955d53b4166bef66ef252935c/server/extensions/markdown-language-features/notebook-out/index.js [11638ms]
2025-01-29 15:28:53.230 [info] > git show --textconv HEAD:.vscode-server/cli/servers/Stable-138f619c86f1199955d53b4166bef66ef252935c/server/extensions/markdown-language-features/schemas/package.schema.json [11626ms]
2025-01-29 15:28:53.231 [info] > git show --textconv HEAD:.vscode-server/cli/servers/Stable-138f619c86f1199955d53b4166bef66ef252935c/server/extensions/markdown-math/icon.png [11611ms]
2025-01-29 15:28:53.231 [info] > git show --textconv HEAD:.vscode-server/cli/servers/Stable-138f619c86f1199955d53b4166bef66ef252935c/server/extensions/markdown-math/package.json [11604ms]
2025-01-29 15:28:53.231 [info] > git show --textconv HEAD:.vscode-server/cli/servers/Stable-138f619c86f1199955d53b4166bef66ef252935c/server/extensions/markdown-math/package.nls.json [11593ms]
2025-01-29 15:28:53.231 [info] > git show --textconv HEAD:.vscode-server/cli/servers/Stable-138f619c86f1199955d53b4166bef66ef252935c/server/extensions/markdown-math/README.md [11580ms]
2025-01-29 15:28:53.232 [info] > git show --textconv HEAD:.vscode-server/cli/servers/Stable-138f619c86f1199955d53b4166bef66ef252935c/server/extensions/markdown-math/dist/extension.js [11573ms]
2025-01-29 15:28:53.233 [info] > git show --textconv HEAD:.vscode-server/cli/servers/Stable-138f619c86f1199955d53b4166bef66ef252935c/server/extensions/markdown-math/notebook-out/katex.js [11565ms]
2025-01-29 15:28:53.236 [info] > git show --textconv HEAD:.vscode-server/cli/servers/Stable-138f619c86f1199955d53b4166bef66ef252935c/server/extensions/markdown-math/notebook-out/katex.min.css [11560ms]
2025-01-29 15:28:53.237 [info] > git show --textconv HEAD:.vscode-server/cli/servers/Stable-138f619c86f1199955d53b4166bef66ef252935c/server/extensions/markdown-math/notebook-out/fonts/KaTeX_AMS-Regular.woff2 [11555ms]
2025-01-29 15:28:53.238 [info] > git show --textconv HEAD:.vscode-server/cli/servers/Stable-138f619c86f1199955d53b4166bef66ef252935c/server/extensions/markdown-math/notebook-out/fonts/KaTeX_Caligraphic-Bold.woff2 [11542ms]
2025-01-29 15:28:53.238 [info] > git show --textconv HEAD:.vscode-server/cli/servers/Stable-138f619c86f1199955d53b4166bef66ef252935c/server/extensions/markdown-math/notebook-out/fonts/KaTeX_Caligraphic-Regular.woff2 [11534ms]
2025-01-29 15:28:53.238 [info] > git show --textconv HEAD:.vscode-server/cli/servers/Stable-138f619c86f1199955d53b4166bef66ef252935c/server/extensions/markdown-math/notebook-out/fonts/KaTeX_Fraktur-Bold.woff2 [11524ms]
2025-01-29 15:28:53.239 [info] > git show --textconv HEAD:.vscode-server/cli/servers/Stable-138f619c86f1199955d53b4166bef66ef252935c/server/extensions/markdown-math/notebook-out/fonts/KaTeX_Fraktur-Regular.woff2 [11514ms]
2025-01-29 15:28:53.239 [info] > git show --textconv HEAD:.vscode-server/cli/servers/Stable-138f619c86f1199955d53b4166bef66ef252935c/server/extensions/markdown-math/notebook-out/fonts/KaTeX_Main-Bold.woff2 [11504ms]
2025-01-29 15:28:53.240 [info] > git show --textconv HEAD:.vscode-server/cli/servers/Stable-138f619c86f1199955d53b4166bef66ef252935c/server/extensions/markdown-math/notebook-out/fonts/KaTeX_Main-BoldItalic.woff2 [11481ms]
2025-01-29 15:28:53.243 [info] > git show --textconv HEAD:.vscode-server/cli/servers/Stable-138f619c86f1199955d53b4166bef66ef252935c/server/extensions/markdown-math/notebook-out/fonts/KaTeX_Main-Italic.woff2 [11472ms]
2025-01-29 15:28:53.258 [info] > git show --textconv HEAD:.vscode-server/cli/servers/Stable-138f619c86f1199955d53b4166bef66ef252935c/server/extensions/markdown-math/notebook-out/fonts/KaTeX_Main-Regular.woff2 [11474ms]
2025-01-29 15:28:53.258 [info] > git show --textconv HEAD:.vscode-server/cli/servers/Stable-138f619c86f1199955d53b4166bef66ef252935c/server/extensions/markdown-math/notebook-out/fonts/KaTeX_Math-BoldItalic.woff2 [11468ms]
2025-01-29 15:28:53.259 [info] > git show --textconv HEAD:.vscode-server/cli/servers/Stable-138f619c86f1199955d53b4166bef66ef252935c/server/extensions/markdown-math/notebook-out/fonts/KaTeX_Math-Italic.woff2 [11455ms]
2025-01-29 15:28:53.259 [info] > git show --textconv HEAD:.vscode-server/cli/servers/Stable-138f619c86f1199955d53b4166bef66ef252935c/server/extensions/markdown-math/notebook-out/fonts/KaTeX_SansSerif-Bold.woff2 [11448ms]
2025-01-29 15:28:53.259 [info] > git show --textconv HEAD:.vscode-server/cli/servers/Stable-138f619c86f1199955d53b4166bef66ef252935c/server/extensions/markdown-math/notebook-out/fonts/KaTeX_SansSerif-Italic.woff2 [11439ms]
2025-01-29 15:28:53.260 [info] > git show --textconv HEAD:.vscode-server/cli/servers/Stable-138f619c86f1199955d53b4166bef66ef252935c/server/extensions/markdown-math/notebook-out/fonts/KaTeX_SansSerif-Regular.woff2 [11426ms]
2025-01-29 15:28:53.260 [info] > git show --textconv HEAD:.vscode-server/cli/servers/Stable-138f619c86f1199955d53b4166bef66ef252935c/server/extensions/markdown-math/notebook-out/fonts/KaTeX_Script-Regular.woff2 [11411ms]
2025-01-29 15:28:53.264 [info] > git show --textconv HEAD:.vscode-server/cli/servers/Stable-138f619c86f1199955d53b4166bef66ef252935c/server/extensions/markdown-math/notebook-out/fonts/KaTeX_Size1-Regular.woff2 [11408ms]
2025-01-29 15:28:53.284 [info] > git show --textconv HEAD:.vscode-server/cli/servers/Stable-138f619c86f1199955d53b4166bef66ef252935c/server/extensions/markdown-math/notebook-out/fonts/KaTeX_Size2-Regular.woff2 [11422ms]
2025-01-29 15:28:53.285 [info] > git show --textconv HEAD:.vscode-server/cli/servers/Stable-138f619c86f1199955d53b4166bef66ef252935c/server/extensions/markdown-math/notebook-out/fonts/KaTeX_Size3-Regular.woff2 [11411ms]
2025-01-29 15:28:53.285 [info] > git show --textconv HEAD:.vscode-server/cli/servers/Stable-138f619c86f1199955d53b4166bef66ef252935c/server/extensions/markdown-math/notebook-out/fonts/KaTeX_Size4-Regular.woff2 [11398ms]
2025-01-29 15:28:53.285 [info] > git show --textconv HEAD:.vscode-server/cli/servers/Stable-138f619c86f1199955d53b4166bef66ef252935c/server/extensions/markdown-math/notebook-out/fonts/KaTeX_Typewriter-Regular.woff2 [11390ms]
2025-01-29 15:28:53.286 [info] > git show --textconv HEAD:.vscode-server/cli/servers/Stable-138f619c86f1199955d53b4166bef66ef252935c/server/extensions/markdown-math/preview-styles/index.css [11382ms]
2025-01-29 15:28:53.286 [info] > git show --textconv HEAD:.vscode-server/cli/servers/Stable-138f619c86f1199955d53b4166bef66ef252935c/server/extensions/markdown-math/syntaxes/md-math-block.tmLanguage.json [11361ms]
2025-01-29 15:28:53.286 [info] > git show --textconv HEAD:.vscode-server/cli/servers/Stable-138f619c86f1199955d53b4166bef66ef252935c/server/extensions/markdown-math/syntaxes/md-math-fence.tmLanguage.json [11347ms]
2025-01-29 15:28:53.289 [info] > git show --textconv HEAD:.vscode-server/cli/servers/Stable-138f619c86f1199955d53b4166bef66ef252935c/server/extensions/markdown-math/syntaxes/md-math-inline.tmLanguage.json [11343ms]
2025-01-29 15:28:53.289 [info] > git show --textconv HEAD:.vscode-server/cli/servers/Stable-138f619c86f1199955d53b4166bef66ef252935c/server/extensions/markdown-math/syntaxes/md-math.tmLanguage.json [11330ms]
2025-01-29 15:28:53.289 [info] > git show --textconv HEAD:.vscode-server/cli/servers/Stable-138f619c86f1199955d53b4166bef66ef252935c/server/extensions/media-preview/icon.png [11318ms]
2025-01-29 15:28:53.290 [info] > git show --textconv HEAD:.vscode-server/cli/servers/Stable-138f619c86f1199955d53b4166bef66ef252935c/server/extensions/media-preview/package.json [11313ms]
2025-01-29 15:28:53.290 [info] > git show --textconv HEAD:.vscode-server/cli/servers/Stable-138f619c86f1199955d53b4166bef66ef252935c/server/extensions/media-preview/package.nls.json [11302ms]
2025-01-29 15:28:53.290 [info] > git show --textconv HEAD:.vscode-server/cli/servers/Stable-138f619c86f1199955d53b4166bef66ef252935c/server/extensions/media-preview/README.md [11293ms]
2025-01-29 15:28:53.290 [info] > git show --textconv HEAD:.vscode-server/cli/servers/Stable-138f619c86f1199955d53b4166bef66ef252935c/server/extensions/media-preview/dist/extension.js [11281ms]
2025-01-29 15:28:53.291 [info] > git show --textconv HEAD:.vscode-server/cli/servers/Stable-138f619c86f1199955d53b4166bef66ef252935c/server/extensions/media-preview/media/audioPreview.css [11270ms]
2025-01-29 15:28:53.298 [info] > git show --textconv HEAD:.vscode-server/cli/servers/Stable-138f619c86f1199955d53b4166bef66ef252935c/server/extensions/media-preview/media/audioPreview.js [11268ms]
2025-01-29 15:28:53.299 [info] > git show --textconv HEAD:.vscode-server/cli/servers/Stable-138f619c86f1199955d53b4166bef66ef252935c/server/extensions/media-preview/media/imagePreview.css [11259ms]
2025-01-29 15:28:53.299 [info] > git show --textconv HEAD:.vscode-server/cli/servers/Stable-138f619c86f1199955d53b4166bef66ef252935c/server/extensions/media-preview/media/imagePreview.js [11249ms]
2025-01-29 15:28:53.299 [info] > git show --textconv HEAD:.vscode-server/cli/servers/Stable-138f619c86f1199955d53b4166bef66ef252935c/server/extensions/media-preview/media/loading-dark.svg [11237ms]
2025-01-29 15:28:53.310 [info] > git show --textconv HEAD:.vscode-server/cli/servers/Stable-138f619c86f1199955d53b4166bef66ef252935c/server/extensions/media-preview/media/loading-hc.svg [11221ms]
2025-01-29 15:28:53.310 [info] > git show --textconv HEAD:.vscode-server/cli/servers/Stable-138f619c86f1199955d53b4166bef66ef252935c/server/extensions/media-preview/media/loading.svg [11209ms]
2025-01-29 15:28:53.310 [info] > git show --textconv HEAD:.vscode-server/cli/servers/Stable-138f619c86f1199955d53b4166bef66ef252935c/server/extensions/media-preview/media/videoPreview.css [11203ms]
2025-01-29 15:28:53.310 [info] > git show --textconv HEAD:.vscode-server/cli/servers/Stable-138f619c86f1199955d53b4166bef66ef252935c/server/extensions/media-preview/media/videoPreview.js [11194ms]
2025-01-29 15:28:53.311 [info] > git show --textconv HEAD:.vscode-server/cli/servers/Stable-138f619c86f1199955d53b4166bef66ef252935c/server/extensions/merge-conflict/package.json [11182ms]
2025-01-29 15:28:53.311 [info] > git show --textconv HEAD:.vscode-server/cli/servers/Stable-138f619c86f1199955d53b4166bef66ef252935c/server/extensions/merge-conflict/package.nls.json [11175ms]
2025-01-29 15:28:53.311 [info] > git show --textconv HEAD:.vscode-server/cli/servers/Stable-138f619c86f1199955d53b4166bef66ef252935c/server/extensions/merge-conflict/README.md [11165ms]
2025-01-29 15:28:53.312 [info] > git show --textconv HEAD:.vscode-server/cli/servers/Stable-138f619c86f1199955d53b4166bef66ef252935c/server/extensions/merge-conflict/dist/mergeConflictMain.js [11149ms]
2025-01-29 15:28:53.327 [info] > git show --textconv HEAD:.vscode-server/cli/servers/Stable-138f619c86f1199955d53b4166bef66ef252935c/server/extensions/merge-conflict/media/icon.png [11152ms]
2025-01-29 15:28:53.327 [info] > git show --textconv HEAD:.vscode-server/cli/servers/Stable-138f619c86f1199955d53b4166bef66ef252935c/server/extensions/microsoft-authentication/package.json [11144ms]
2025-01-29 15:28:53.327 [info] > git show --textconv HEAD:.vscode-server/cli/servers/Stable-138f619c86f1199955d53b4166bef66ef252935c/server/extensions/microsoft-authentication/package.nls.json [11133ms]
2025-01-29 15:28:53.328 [info] > git show --textconv HEAD:.vscode-server/cli/servers/Stable-138f619c86f1199955d53b4166bef66ef252935c/server/extensions/microsoft-authentication/README.md [11109ms]
2025-01-29 15:28:53.328 [info] > git show --textconv HEAD:.vscode-server/cli/servers/Stable-138f619c86f1199955d53b4166bef66ef252935c/server/extensions/microsoft-authentication/dist/extension.js [11098ms]
2025-01-29 15:28:53.328 [info] > git show --textconv HEAD:.vscode-server/cli/servers/Stable-138f619c86f1199955d53b4166bef66ef252935c/server/extensions/microsoft-authentication/dist/extension.js.LICENSE.txt [11090ms]
2025-01-29 15:28:53.328 [info] > git show --textconv HEAD:.vscode-server/cli/servers/Stable-138f619c86f1199955d53b4166bef66ef252935c/server/extensions/microsoft-authentication/media/auth.css [11074ms]
2025-01-29 15:28:53.329 [info] > git show --textconv HEAD:.vscode-server/cli/servers/Stable-138f619c86f1199955d53b4166bef66ef252935c/server/extensions/microsoft-authentication/media/favicon.ico [11065ms]
2025-01-29 15:28:53.329 [info] > git show --textconv HEAD:.vscode-server/cli/servers/Stable-138f619c86f1199955d53b4166bef66ef252935c/server/extensions/microsoft-authentication/media/icon.png [11054ms]
2025-01-29 15:28:53.329 [info] > git show --textconv HEAD:.vscode-server/cli/servers/Stable-138f619c86f1199955d53b4166bef66ef252935c/server/extensions/microsoft-authentication/media/index.html [11047ms]
2025-01-29 15:28:53.330 [info] > git show --textconv HEAD:.vscode-server/cli/servers/Stable-138f619c86f1199955d53b4166bef66ef252935c/server/extensions/ms-vscode.js-debug/LICENSE.txt [11010ms]
2025-01-29 15:28:53.330 [info] > git show --textconv HEAD:.vscode-server/cli/servers/Stable-138f619c86f1199955d53b4166bef66ef252935c/server/extensions/ms-vscode.js-debug/package.json [10982ms]
2025-01-29 15:28:53.330 [info] > git show --textconv HEAD:.vscode-server/cli/servers/Stable-138f619c86f1199955d53b4166bef66ef252935c/server/extensions/ms-vscode.js-debug/package.nls.json [10974ms]
2025-01-29 15:28:53.331 [info] > git show --textconv HEAD:.vscode-server/cli/servers/Stable-138f619c86f1199955d53b4166bef66ef252935c/server/extensions/ms-vscode.js-debug/readme.md [10936ms]
2025-01-29 15:28:53.331 [info] > git show --textconv HEAD:.vscode-server/cli/servers/Stable-138f619c86f1199955d53b4166bef66ef252935c/server/extensions/ms-vscode.js-debug/ThirdPartyNotices.txt [10914ms]
2025-01-29 15:28:53.331 [info] > git show --textconv HEAD:.vscode-server/cli/servers/Stable-138f619c86f1199955d53b4166bef66ef252935c/server/extensions/ms-vscode.js-debug/resources/logo.png [10902ms]
2025-01-29 15:28:53.332 [info] > git show --textconv HEAD:.vscode-server/cli/servers/Stable-138f619c86f1199955d53b4166bef66ef252935c/server/extensions/ms-vscode.js-debug/resources/logo.svg [10896ms]
2025-01-29 15:28:53.333 [info] > git show --textconv HEAD:.vscode-server/cli/servers/Stable-138f619c86f1199955d53b4166bef66ef252935c/server/extensions/ms-vscode.js-debug/resources/dark/configure.svg [10883ms]
2025-01-29 15:28:53.333 [info] > git show --textconv HEAD:.vscode-server/cli/servers/Stable-138f619c86f1199955d53b4166bef66ef252935c/server/extensions/ms-vscode.js-debug/resources/dark/connect.svg [10878ms]
2025-01-29 15:28:53.340 [info] > git show --textconv HEAD:.vscode-server/cli/servers/Stable-138f619c86f1199955d53b4166bef66ef252935c/server/extensions/ms-vscode.js-debug/resources/dark/disconnect.svg [10872ms]
2025-01-29 15:28:53.344 [info] > git show --textconv HEAD:.vscode-server/cli/servers/Stable-138f619c86f1199955d53b4166bef66ef252935c/server/extensions/ms-vscode.js-debug/resources/dark/node.svg [10869ms]
2025-01-29 15:28:53.351 [info] > git show --textconv HEAD:.vscode-server/cli/servers/Stable-138f619c86f1199955d53b4166bef66ef252935c/server/extensions/ms-vscode.js-debug/resources/dark/open-file.svg [10868ms]
2025-01-29 15:28:53.351 [info] > git show --textconv HEAD:.vscode-server/cli/servers/Stable-138f619c86f1199955d53b4166bef66ef252935c/server/extensions/ms-vscode.js-debug/resources/dark/page.svg [10859ms]
2025-01-29 15:28:53.351 [info] > git show --textconv HEAD:.vscode-server/cli/servers/Stable-138f619c86f1199955d53b4166bef66ef252935c/server/extensions/ms-vscode.js-debug/resources/dark/pause.svg [10849ms]
2025-01-29 15:28:53.351 [info] > git show --textconv HEAD:.vscode-server/cli/servers/Stable-138f619c86f1199955d53b4166bef66ef252935c/server/extensions/ms-vscode.js-debug/resources/dark/restart.svg [10841ms]
2025-01-29 15:28:53.352 [info] > git show --textconv HEAD:.vscode-server/cli/servers/Stable-138f619c86f1199955d53b4166bef66ef252935c/server/extensions/ms-vscode.js-debug/resources/dark/resume.svg [10822ms]
2025-01-29 15:28:53.352 [info] > git show --textconv HEAD:.vscode-server/cli/servers/Stable-138f619c86f1199955d53b4166bef66ef252935c/server/extensions/ms-vscode.js-debug/resources/dark/service-worker.svg [10808ms]
2025-01-29 15:28:53.352 [info] > git show --textconv HEAD:.vscode-server/cli/servers/Stable-138f619c86f1199955d53b4166bef66ef252935c/server/extensions/ms-vscode.js-debug/resources/dark/stop-profiling.svg [10798ms]
2025-01-29 15:28:53.352 [info] > git show --textconv HEAD:.vscode-server/cli/servers/Stable-138f619c86f1199955d53b4166bef66ef252935c/server/extensions/ms-vscode.js-debug/resources/dark/stop.svg [10788ms]
2025-01-29 15:28:53.360 [info] > git show --textconv HEAD:.vscode-server/cli/servers/Stable-138f619c86f1199955d53b4166bef66ef252935c/server/extensions/ms-vscode.js-debug/resources/dark/worker.svg [10778ms]
2025-01-29 15:28:53.361 [info] > git show --textconv HEAD:.vscode-server/cli/servers/Stable-138f619c86f1199955d53b4166bef66ef252935c/server/extensions/ms-vscode.js-debug/resources/light/configure.svg [10768ms]
2025-01-29 15:28:53.361 [info] > git show --textconv HEAD:.vscode-server/cli/servers/Stable-138f619c86f1199955d53b4166bef66ef252935c/server/extensions/ms-vscode.js-debug/resources/light/connect.svg [10754ms]
2025-01-29 15:28:53.362 [info] > git show --textconv HEAD:.vscode-server/cli/servers/Stable-138f619c86f1199955d53b4166bef66ef252935c/server/extensions/ms-vscode.js-debug/resources/light/disconnect.svg [10750ms]
2025-01-29 15:28:53.362 [info] > git show --textconv HEAD:.vscode-server/cli/servers/Stable-138f619c86f1199955d53b4166bef66ef252935c/server/extensions/ms-vscode.js-debug/resources/light/node.svg [10739ms]
2025-01-29 15:28:53.362 [info] > git show --textconv HEAD:.vscode-server/cli/servers/Stable-138f619c86f1199955d53b4166bef66ef252935c/server/extensions/ms-vscode.js-debug/resources/light/open-file.svg [10725ms]
2025-01-29 15:28:53.362 [info] > git show --textconv HEAD:.vscode-server/cli/servers/Stable-138f619c86f1199955d53b4166bef66ef252935c/server/extensions/ms-vscode.js-debug/resources/light/page.svg [10713ms]
2025-01-29 15:28:53.363 [info] > git show --textconv HEAD:.vscode-server/cli/servers/Stable-138f619c86f1199955d53b4166bef66ef252935c/server/extensions/ms-vscode.js-debug/resources/light/pause.svg [10708ms]
2025-01-29 15:28:53.363 [info] > git show --textconv HEAD:.vscode-server/cli/servers/Stable-138f619c86f1199955d53b4166bef66ef252935c/server/extensions/ms-vscode.js-debug/resources/light/restart.svg [10688ms]
2025-01-29 15:28:53.363 [info] > git show --textconv HEAD:.vscode-server/cli/servers/Stable-138f619c86f1199955d53b4166bef66ef252935c/server/extensions/ms-vscode.js-debug/resources/light/resume.svg [10676ms]
2025-01-29 15:28:53.363 [info] > git show --textconv HEAD:.vscode-server/cli/servers/Stable-138f619c86f1199955d53b4166bef66ef252935c/server/extensions/ms-vscode.js-debug/resources/light/service-worker.svg [10667ms]
2025-01-29 15:28:53.376 [info] > git show --textconv HEAD:.vscode-server/cli/servers/Stable-138f619c86f1199955d53b4166bef66ef252935c/server/extensions/ms-vscode.js-debug/resources/light/stop.svg [10669ms]
2025-01-29 15:28:53.377 [info] > git show --textconv HEAD:.vscode-server/cli/servers/Stable-138f619c86f1199955d53b4166bef66ef252935c/server/extensions/ms-vscode.js-debug/resources/light/worker.svg [10662ms]
2025-01-29 15:28:53.377 [info] > git show --textconv HEAD:.vscode-server/cli/servers/Stable-138f619c86f1199955d53b4166bef66ef252935c/server/extensions/ms-vscode.js-debug/resources/readme/auto-attach.png [10648ms]
2025-01-29 15:28:53.377 [info] > git show --textconv HEAD:.vscode-server/cli/servers/Stable-138f619c86f1199955d53b4166bef66ef252935c/server/extensions/ms-vscode.js-debug/resources/readme/conditional-exception-breakpoints.png [10642ms]
2025-01-29 15:28:53.377 [info] > git show --textconv HEAD:.vscode-server/cli/servers/Stable-138f619c86f1199955d53b4166bef66ef252935c/server/extensions/ms-vscode.js-debug/resources/readme/exclude-caller.png [10630ms]
2025-01-29 15:28:53.378 [info] > git show --textconv HEAD:.vscode-server/cli/servers/Stable-138f619c86f1199955d53b4166bef66ef252935c/server/extensions/ms-vscode.js-debug/resources/readme/flame-chart.png [10615ms]
2025-01-29 15:28:53.378 [info] > git show --textconv HEAD:.vscode-server/cli/servers/Stable-138f619c86f1199955d53b4166bef66ef252935c/server/extensions/ms-vscode.js-debug/resources/readme/instrumentation-breakpoints.png [10606ms]
2025-01-29 15:28:53.378 [info] > git show --textconv HEAD:.vscode-server/cli/servers/Stable-138f619c86f1199955d53b4166bef66ef252935c/server/extensions/ms-vscode.js-debug/resources/readme/instrumentation-breakpoints2.png [10585ms]
2025-01-29 15:28:53.378 [info] > git show --textconv HEAD:.vscode-server/cli/servers/Stable-138f619c86f1199955d53b4166bef66ef252935c/server/extensions/ms-vscode.js-debug/resources/readme/logo-with-text.png [10578ms]
2025-01-29 15:28:53.379 [info] > git show --textconv HEAD:.vscode-server/cli/servers/Stable-138f619c86f1199955d53b4166bef66ef252935c/server/extensions/ms-vscode.js-debug/resources/readme/network-view.png [10554ms]
2025-01-29 15:28:53.383 [info] > git show --textconv HEAD:.vscode-server/cli/servers/Stable-138f619c86f1199955d53b4166bef66ef252935c/server/extensions/ms-vscode.js-debug/resources/readme/pretty-print.png [10480ms]
2025-01-29 15:28:53.384 [info] > git show --textconv HEAD:.vscode-server/cli/servers/Stable-138f619c86f1199955d53b4166bef66ef252935c/server/extensions/ms-vscode.js-debug/resources/readme/returnvalue.png [10469ms]
2025-01-29 15:28:53.388 [info] > git show --textconv HEAD:.vscode-server/cli/servers/Stable-138f619c86f1199955d53b4166bef66ef252935c/server/extensions/ms-vscode.js-debug/resources/readme/top-level-await.png [10462ms]
2025-01-29 15:28:53.388 [info] > git show --textconv HEAD:.vscode-server/cli/servers/Stable-138f619c86f1199955d53b4166bef66ef252935c/server/extensions/ms-vscode.js-debug/resources/readme/wasm-dwarf.png [10453ms]
2025-01-29 15:28:53.389 [info] > git show --textconv HEAD:.vscode-server/cli/servers/Stable-138f619c86f1199955d53b4166bef66ef252935c/server/extensions/ms-vscode.js-debug/resources/readme/web-worker.png [10447ms]
2025-01-29 15:28:53.389 [info] > git show --textconv HEAD:.vscode-server/cli/servers/Stable-138f619c86f1199955d53b4166bef66ef252935c/server/extensions/ms-vscode.js-debug/resources/readme/webview2.png [10438ms]
2025-01-29 15:28:53.389 [info] > git show --textconv HEAD:.vscode-server/cli/servers/Stable-138f619c86f1199955d53b4166bef66ef252935c/server/extensions/ms-vscode.js-debug/src/bootloader.js [10431ms]
2025-01-29 15:28:53.390 [info] > git show --textconv HEAD:.vscode-server/cli/servers/Stable-138f619c86f1199955d53b4166bef66ef252935c/server/extensions/ms-vscode.js-debug/src/chromehash_bg.wasm [10426ms]
2025-01-29 15:28:53.390 [info] > git show --textconv HEAD:.vscode-server/cli/servers/Stable-138f619c86f1199955d53b4166bef66ef252935c/server/extensions/ms-vscode.js-debug/src/diagnosticTool.css [10417ms]
2025-01-29 15:28:53.391 [info] > git show --textconv HEAD:.vscode-server/cli/servers/Stable-138f619c86f1199955d53b4166bef66ef252935c/server/extensions/ms-vscode.js-debug/src/diagnosticTool.js [10413ms]
2025-01-29 15:28:53.392 [info] > git show --textconv HEAD:.vscode-server/cli/servers/Stable-138f619c86f1199955d53b4166bef66ef252935c/server/extensions/ms-vscode.js-debug/src/extension.js [10410ms]
2025-01-29 15:28:53.392 [info] > git show --textconv HEAD:.vscode-server/cli/servers/Stable-138f619c86f1199955d53b4166bef66ef252935c/server/extensions/ms-vscode.js-debug/src/hash.js [10405ms]
2025-01-29 15:28:53.393 [info] > git show --textconv HEAD:.vscode-server/cli/servers/Stable-138f619c86f1199955d53b4166bef66ef252935c/server/extensions/ms-vscode.js-debug/src/renameWorker.js [10402ms]
2025-01-29 15:28:53.393 [info] > git show --textconv HEAD:.vscode-server/cli/servers/Stable-138f619c86f1199955d53b4166bef66ef252935c/server/extensions/ms-vscode.js-debug/src/w32appcontainertokens-LVKSWXR7.node [10397ms]
2025-01-29 15:28:53.393 [info] > git show --textconv HEAD:.vscode-server/cli/servers/Stable-138f619c86f1199955d53b4166bef66ef252935c/server/extensions/ms-vscode.js-debug/src/watchdog.js [10393ms]
2025-01-29 15:28:53.394 [info] > git show --textconv HEAD:.vscode-server/cli/servers/Stable-138f619c86f1199955d53b4166bef66ef252935c/server/extensions/ms-vscode.js-debug/src/targets/node/terminateProcess.sh [10390ms]
2025-01-29 15:28:53.394 [info] > git show --textconv HEAD:.vscode-server/cli/servers/Stable-138f619c86f1199955d53b4166bef66ef252935c/server/extensions/ms-vscode.js-debug/src/ui/basic-wat.tmLanguage.json [10371ms]
2025-01-29 15:28:53.395 [info] > git show --textconv HEAD:.vscode-server/cli/servers/Stable-138f619c86f1199955d53b4166bef66ef252935c/server/extensions/ms-vscode.js-debug/src/vendor/acorn-loose.js [10314ms]
2025-01-29 15:28:53.396 [info] > git show --textconv HEAD:.vscode-server/cli/servers/Stable-138f619c86f1199955d53b4166bef66ef252935c/server/extensions/ms-vscode.js-debug/src/vendor/acorn.js [10284ms]
2025-01-29 15:28:53.397 [info] > git show --textconv HEAD:.vscode-server/cli/servers/Stable-138f619c86f1199955d53b4166bef66ef252935c/server/extensions/ms-vscode.js-debug-companion/ci.yml [10271ms]
2025-01-29 15:28:53.397 [info] > git show --textconv HEAD:.vscode-server/cli/servers/Stable-138f619c86f1199955d53b4166bef66ef252935c/server/extensions/ms-vscode.js-debug-companion/eslint.config.mjs [10257ms]
2025-01-29 15:28:53.399 [info] > git show --textconv HEAD:.vscode-server/cli/servers/Stable-138f619c86f1199955d53b4166bef66ef252935c/server/extensions/ms-vscode.js-debug-companion/LICENSE.txt [10244ms]
2025-01-29 15:28:53.399 [info] > git show --textconv HEAD:.vscode-server/cli/servers/Stable-138f619c86f1199955d53b4166bef66ef252935c/server/extensions/ms-vscode.js-debug-companion/package.json [10234ms]
2025-01-29 15:28:53.399 [info] > git show --textconv HEAD:.vscode-server/cli/servers/Stable-138f619c86f1199955d53b4166bef66ef252935c/server/extensions/ms-vscode.js-debug-companion/README.md [10221ms]
2025-01-29 15:28:53.400 [info] > git show --textconv HEAD:.vscode-server/cli/servers/Stable-138f619c86f1199955d53b4166bef66ef252935c/server/extensions/ms-vscode.js-debug-companion/SECURITY.md [10213ms]
2025-01-29 15:28:53.400 [info] > git show --textconv HEAD:.vscode-server/cli/servers/Stable-138f619c86f1199955d53b4166bef66ef252935c/server/extensions/ms-vscode.js-debug-companion/ThirdPartyNotices.txt [10202ms]
2025-01-29 15:28:53.400 [info] > git show --textconv HEAD:.vscode-server/cli/servers/Stable-138f619c86f1199955d53b4166bef66ef252935c/server/extensions/ms-vscode.js-debug-companion/out/extension.js [10192ms]
2025-01-29 15:28:53.400 [info] > git show --textconv HEAD:.vscode-server/cli/servers/Stable-138f619c86f1199955d53b4166bef66ef252935c/server/extensions/ms-vscode.js-debug-companion/resources/logo.png [10182ms]
2025-01-29 15:28:53.401 [info] > git show --textconv HEAD:.vscode-server/cli/servers/Stable-138f619c86f1199955d53b4166bef66ef252935c/server/extensions/ms-vscode.vscode-js-profile-table/ci.yml [10175ms]
2025-01-29 15:28:53.402 [info] > git show --textconv HEAD:.vscode-server/cli/servers/Stable-138f619c86f1199955d53b4166bef66ef252935c/server/extensions/ms-vscode.vscode-js-profile-table/package.json [10163ms]
2025-01-29 15:28:53.403 [info] > git show --textconv HEAD:.vscode-server/cli/servers/Stable-138f619c86f1199955d53b4166bef66ef252935c/server/extensions/ms-vscode.vscode-js-profile-table/README.md [10116ms]
2025-01-29 15:28:53.404 [info] > git show --textconv HEAD:.vscode-server/cli/servers/Stable-138f619c86f1199955d53b4166bef66ef252935c/server/extensions/ms-vscode.vscode-js-profile-table/ThirdPartyNotices.txt [10080ms]
2025-01-29 15:28:53.405 [info] > git show --textconv HEAD:.vscode-server/cli/servers/Stable-138f619c86f1199955d53b4166bef66ef252935c/server/extensions/ms-vscode.vscode-js-profile-table/tsconfig.browser.json [10065ms]
2025-01-29 15:28:53.405 [info] > git show --textconv HEAD:.vscode-server/cli/servers/Stable-138f619c86f1199955d53b4166bef66ef252935c/server/extensions/ms-vscode.vscode-js-profile-table/out/425.heapsnapshotWorker.js [10047ms]
2025-01-29 15:28:53.406 [info] > git show --textconv HEAD:.vscode-server/cli/servers/Stable-138f619c86f1199955d53b4166bef66ef252935c/server/extensions/ms-vscode.vscode-js-profile-table/out/848.extension.web.js [10035ms]
2025-01-29 15:28:53.407 [info] > git show --textconv HEAD:.vscode-server/cli/servers/Stable-138f619c86f1199955d53b4166bef66ef252935c/server/extensions/ms-vscode.vscode-js-profile-table/out/a443ca1a33b96237dd48.module.wasm [10021ms]
2025-01-29 15:28:53.407 [info] > git show --textconv HEAD:.vscode-server/cli/servers/Stable-138f619c86f1199955d53b4166bef66ef252935c/server/extensions/ms-vscode.vscode-js-profile-table/out/cpu-client.bundle.js [10011ms]
2025-01-29 15:28:53.407 [info] > git show --textconv HEAD:.vscode-server/cli/servers/Stable-138f619c86f1199955d53b4166bef66ef252935c/server/extensions/ms-vscode.vscode-js-profile-table/out/dbd61d846b1102299709.module.wasm [10000ms]
2025-01-29 15:28:53.409 [info] > git show --textconv HEAD:.vscode-server/cli/servers/Stable-138f619c86f1199955d53b4166bef66ef252935c/server/extensions/ms-vscode.vscode-js-profile-table/out/extension.js [9979ms]
2025-01-29 15:28:53.409 [info] > git show --textconv HEAD:.vscode-server/cli/servers/Stable-138f619c86f1199955d53b4166bef66ef252935c/server/extensions/ms-vscode.vscode-js-profile-table/out/extension.web.js [9921ms]
2025-01-29 15:28:53.411 [info] > git show --textconv HEAD:.vscode-server/cli/servers/Stable-138f619c86f1199955d53b4166bef66ef252935c/server/extensions/ms-vscode.vscode-js-profile-table/out/heap-client.bundle.js [9899ms]
2025-01-29 15:28:53.412 [info] > git show --textconv HEAD:.vscode-server/cli/servers/Stable-138f619c86f1199955d53b4166bef66ef252935c/server/extensions/ms-vscode.vscode-js-profile-table/out/heapsnapshot-client.bundle.js [9884ms]
2025-01-29 15:28:53.412 [info] > git show --textconv HEAD:.vscode-server/cli/servers/Stable-138f619c86f1199955d53b4166bef66ef252935c/server/extensions/ms-vscode.vscode-js-profile-table/out/heapsnapshotWorker.js [9847ms]
2025-01-29 15:28:53.413 [info] > git show --textconv HEAD:.vscode-server/cli/servers/Stable-138f619c86f1199955d53b4166bef66ef252935c/server/extensions/ms-vscode.vscode-js-profile-table/resources/icon.png [9828ms]
2025-01-29 15:28:53.413 [info] > git show --textconv HEAD:.vscode-server/cli/servers/Stable-138f619c86f1199955d53b4166bef66ef252935c/server/extensions/npm/package.json [9796ms]
2025-01-29 15:28:53.414 [info] > git show --textconv HEAD:.vscode-server/cli/servers/Stable-138f619c86f1199955d53b4166bef66ef252935c/server/extensions/npm/package.nls.json [9783ms]
2025-01-29 15:28:53.415 [info] > git show --textconv HEAD:.vscode-server/cli/servers/Stable-138f619c86f1199955d53b4166bef66ef252935c/server/extensions/npm/README.md [9754ms]
2025-01-29 15:28:53.415 [info] > git show --textconv HEAD:.vscode-server/cli/servers/Stable-138f619c86f1199955d53b4166bef66ef252935c/server/extensions/npm/dist/npmMain.js [9739ms]
2025-01-29 15:28:53.417 [info] > git show --textconv HEAD:.vscode-server/cli/servers/Stable-138f619c86f1199955d53b4166bef66ef252935c/server/extensions/npm/dist/npmMain.js.LICENSE.txt [9710ms]
2025-01-29 15:28:53.436 [info] > git show --textconv HEAD:.vscode-server/cli/servers/Stable-138f619c86f1199955d53b4166bef66ef252935c/server/extensions/npm/images/code.svg [9681ms]
2025-01-29 15:28:53.437 [info] > git show --textconv HEAD:.vscode-server/cli/servers/Stable-138f619c86f1199955d53b4166bef66ef252935c/server/extensions/npm/images/npm_icon.png [9683ms]
2025-01-29 15:28:53.438 [info] > git show --textconv HEAD:.vscode-server/cli/servers/Stable-138f619c86f1199955d53b4166bef66ef252935c/server/extensions/php-language-features/package.json [9666ms]
2025-01-29 15:28:53.438 [info] > git show --textconv HEAD:.vscode-server/cli/servers/Stable-138f619c86f1199955d53b4166bef66ef252935c/server/extensions/php-language-features/package.nls.json [9652ms]
2025-01-29 15:28:53.438 [info] > git show --textconv HEAD:.vscode-server/cli/servers/Stable-138f619c86f1199955d53b4166bef66ef252935c/server/extensions/php-language-features/README.md [9616ms]
2025-01-29 15:28:53.444 [info] > git show --textconv HEAD:.vscode-server/cli/servers/Stable-138f619c86f1199955d53b4166bef66ef252935c/server/extensions/php-language-features/dist/phpMain.js [9602ms]
2025-01-29 15:28:53.444 [info] > git show --textconv HEAD:.vscode-server/cli/servers/Stable-138f619c86f1199955d53b4166bef66ef252935c/server/extensions/php-language-features/icons/logo.png [9575ms]
2025-01-29 15:28:53.445 [info] > git show --textconv HEAD:.vscode-server/cli/servers/Stable-138f619c86f1199955d53b4166bef66ef252935c/server/extensions/references-view/package.json [9564ms]
2025-01-29 15:28:53.445 [info] > git show --textconv HEAD:.vscode-server/cli/servers/Stable-138f619c86f1199955d53b4166bef66ef252935c/server/extensions/references-view/package.nls.json [9553ms]
2025-01-29 15:28:53.445 [info] > git show --textconv HEAD:.vscode-server/cli/servers/Stable-138f619c86f1199955d53b4166bef66ef252935c/server/extensions/references-view/README.md [9531ms]
2025-01-29 15:28:53.446 [info] > git show --textconv HEAD:.vscode-server/cli/servers/Stable-138f619c86f1199955d53b4166bef66ef252935c/server/extensions/references-view/dist/extension.js [9523ms]
2025-01-29 15:28:53.446 [info] > git show --textconv HEAD:.vscode-server/cli/servers/Stable-138f619c86f1199955d53b4166bef66ef252935c/server/extensions/references-view/media/demo.png [9491ms]
2025-01-29 15:28:53.446 [info] > git show --textconv HEAD:.vscode-server/cli/servers/Stable-138f619c86f1199955d53b4166bef66ef252935c/server/extensions/references-view/media/icon.png [9453ms]
2025-01-29 15:28:53.446 [info] > git show --textconv HEAD:.vscode-server/cli/servers/Stable-138f619c86f1199955d53b4166bef66ef252935c/server/extensions/search-result/package.json [9438ms]
2025-01-29 15:28:53.447 [info] > git show --textconv HEAD:.vscode-server/cli/servers/Stable-138f619c86f1199955d53b4166bef66ef252935c/server/extensions/search-result/package.nls.json [9432ms]
2025-01-29 15:28:53.447 [info] > git show --textconv HEAD:.vscode-server/cli/servers/Stable-138f619c86f1199955d53b4166bef66ef252935c/server/extensions/search-result/README.md [9424ms]
2025-01-29 15:28:53.447 [info] > git show --textconv HEAD:.vscode-server/cli/servers/Stable-138f619c86f1199955d53b4166bef66ef252935c/server/extensions/search-result/dist/extension.js [9416ms]
2025-01-29 15:28:53.447 [info] > git show --textconv HEAD:.vscode-server/cli/servers/Stable-138f619c86f1199955d53b4166bef66ef252935c/server/extensions/search-result/dist/media/refresh-dark.svg [9402ms]
2025-01-29 15:28:53.448 [info] > git show --textconv HEAD:.vscode-server/cli/servers/Stable-138f619c86f1199955d53b4166bef66ef252935c/server/extensions/search-result/dist/media/refresh-light.svg [9387ms]
2025-01-29 15:28:53.448 [info] > git show --textconv HEAD:.vscode-server/cli/servers/Stable-138f619c86f1199955d53b4166bef66ef252935c/server/extensions/search-result/images/icon.png [9377ms]
2025-01-29 15:28:53.448 [info] > git show --textconv HEAD:.vscode-server/cli/servers/Stable-138f619c86f1199955d53b4166bef66ef252935c/server/extensions/search-result/syntaxes/searchResult.tmLanguage.json [9369ms]
2025-01-29 15:28:53.449 [info] > git show --textconv HEAD:.vscode-server/cli/servers/Stable-138f619c86f1199955d53b4166bef66ef252935c/server/extensions/simple-browser/package.json [9360ms]
2025-01-29 15:28:53.449 [info] > git show --textconv HEAD:.vscode-server/cli/servers/Stable-138f619c86f1199955d53b4166bef66ef252935c/server/extensions/simple-browser/package.nls.json [9355ms]
2025-01-29 15:28:53.449 [info] > git show --textconv HEAD:.vscode-server/cli/servers/Stable-138f619c86f1199955d53b4166bef66ef252935c/server/extensions/simple-browser/README.md [9341ms]
2025-01-29 15:28:53.449 [info] > git show --textconv HEAD:.vscode-server/cli/servers/Stable-138f619c86f1199955d53b4166bef66ef252935c/server/extensions/simple-browser/dist/extension.js [9330ms]
2025-01-29 15:28:53.450 [info] > git show --textconv HEAD:.vscode-server/cli/servers/Stable-138f619c86f1199955d53b4166bef66ef252935c/server/extensions/simple-browser/media/codicon.css [9322ms]
2025-01-29 15:28:53.472 [info] > git show --textconv HEAD:.vscode-server/cli/servers/Stable-138f619c86f1199955d53b4166bef66ef252935c/server/extensions/simple-browser/media/icon.png [9333ms]
2025-01-29 15:28:53.473 [info] > git show --textconv HEAD:.vscode-server/cli/servers/Stable-138f619c86f1199955d53b4166bef66ef252935c/server/extensions/simple-browser/media/index.js [9322ms]
2025-01-29 15:28:53.473 [info] > git show --textconv HEAD:.vscode-server/cli/servers/Stable-138f619c86f1199955d53b4166bef66ef252935c/server/extensions/simple-browser/media/main.css [9314ms]
2025-01-29 15:28:53.473 [info] > git show --textconv HEAD:.vscode-server/cli/servers/Stable-138f619c86f1199955d53b4166bef66ef252935c/server/extensions/simple-browser/media/preview-dark.svg [9301ms]
2025-01-29 15:28:53.474 [info] > git show --textconv HEAD:.vscode-server/cli/servers/Stable-138f619c86f1199955d53b4166bef66ef252935c/server/extensions/simple-browser/media/preview-light.svg [9294ms]
2025-01-29 15:28:53.474 [info] > git show --textconv HEAD:.vscode-server/cli/servers/Stable-138f619c86f1199955d53b4166bef66ef252935c/server/extensions/terminal-suggest/cgmanifest.json [9281ms]
2025-01-29 15:28:53.475 [info] > git show --textconv HEAD:.vscode-server/cli/servers/Stable-138f619c86f1199955d53b4166bef66ef252935c/server/extensions/terminal-suggest/package.json [9274ms]
2025-01-29 15:28:53.475 [info] > git show --textconv HEAD:.vscode-server/cli/servers/Stable-138f619c86f1199955d53b4166bef66ef252935c/server/extensions/terminal-suggest/package.nls.json [9265ms]
2025-01-29 15:28:53.476 [info] > git show --textconv HEAD:.vscode-server/cli/servers/Stable-138f619c86f1199955d53b4166bef66ef252935c/server/extensions/terminal-suggest/README.md [9258ms]
2025-01-29 15:28:53.476 [info] > git show --textconv HEAD:.vscode-server/cli/servers/Stable-138f619c86f1199955d53b4166bef66ef252935c/server/extensions/terminal-suggest/ThirdPartyNotices.txt [9247ms]
2025-01-29 15:28:53.476 [info] > git show --textconv HEAD:.vscode-server/cli/servers/Stable-138f619c86f1199955d53b4166bef66ef252935c/server/extensions/terminal-suggest/dist/terminalSuggestMain.js [9238ms]
2025-01-29 15:28:53.477 [info] > git show --textconv HEAD:.vscode-server/cli/servers/Stable-138f619c86f1199955d53b4166bef66ef252935c/server/extensions/terminal-suggest/dist/media/icon.png [9214ms]
2025-01-29 15:28:53.496 [info] > git show --textconv HEAD:.vscode-server/cli/servers/Stable-138f619c86f1199955d53b4166bef66ef252935c/server/extensions/terminal-suggest/testWorkspace/parent/home/child/.keep [9217ms]
2025-01-29 15:28:53.496 [info] > git show --textconv HEAD:.vscode-server/cli/servers/Stable-138f619c86f1199955d53b4166bef66ef252935c/server/extensions/tunnel-forwarding/package.json [9213ms]
2025-01-29 15:28:53.496 [info] > git show --textconv HEAD:.vscode-server/cli/servers/Stable-138f619c86f1199955d53b4166bef66ef252935c/server/extensions/tunnel-forwarding/package.nls.json [9204ms]
2025-01-29 15:28:53.497 [info] > git show --textconv HEAD:.vscode-server/cli/servers/Stable-138f619c86f1199955d53b4166bef66ef252935c/server/extensions/tunnel-forwarding/.vscode/launch.json [9194ms]
2025-01-29 15:28:53.497 [info] > git show --textconv HEAD:.vscode-server/cli/servers/Stable-138f619c86f1199955d53b4166bef66ef252935c/server/extensions/tunnel-forwarding/dist/extension.js [9186ms]
2025-01-29 15:28:53.503 [info] > git show --textconv HEAD:.vscode-server/cli/servers/Stable-138f619c86f1199955d53b4166bef66ef252935c/server/extensions/tunnel-forwarding/media/icon.png [9177ms]
2025-01-29 15:28:53.503 [info] > git show --textconv HEAD:.vscode-server/cli/servers/Stable-138f619c86f1199955d53b4166bef66ef252935c/server/extensions/typescript-language-features/package.json [9170ms]
2025-01-29 15:28:53.503 [info] > git show --textconv HEAD:.vscode-server/cli/servers/Stable-138f619c86f1199955d53b4166bef66ef252935c/server/extensions/typescript-language-features/package.nls.json [9164ms]
2025-01-29 15:28:53.504 [info] > git show --textconv HEAD:.vscode-server/cli/servers/Stable-138f619c86f1199955d53b4166bef66ef252935c/server/extensions/typescript-language-features/README.md [9155ms]
2025-01-29 15:28:53.504 [info] > git show --textconv HEAD:.vscode-server/cli/servers/Stable-138f619c86f1199955d53b4166bef66ef252935c/server/extensions/typescript-language-features/dist/extension.js [9148ms]
2025-01-29 15:28:53.505 [info] > git show --textconv HEAD:.vscode-server/cli/servers/Stable-138f619c86f1199955d53b4166bef66ef252935c/server/extensions/typescript-language-features/media/icon.png [9130ms]
2025-01-29 15:28:53.505 [info] > git show --textconv HEAD:.vscode-server/cli/servers/Stable-138f619c86f1199955d53b4166bef66ef252935c/server/extensions/typescript-language-features/resources/walkthroughs/create-a-js-file.svg [9101ms]
2025-01-29 15:28:53.505 [info] > git show --textconv HEAD:.vscode-server/cli/servers/Stable-138f619c86f1199955d53b4166bef66ef252935c/server/extensions/typescript-language-features/resources/walkthroughs/debug-and-run.svg [9088ms]
2025-01-29 15:28:53.505 [info] > git show --textconv HEAD:.vscode-server/cli/servers/Stable-138f619c86f1199955d53b4166bef66ef252935c/server/extensions/typescript-language-features/resources/walkthroughs/install-node-js.svg [9078ms]
2025-01-29 15:28:53.508 [info] > git show --textconv HEAD:.vscode-server/cli/servers/Stable-138f619c86f1199955d53b4166bef66ef252935c/server/extensions/typescript-language-features/resources/walkthroughs/learn-more.svg [9070ms]
2025-01-29 15:28:53.508 [info] > git show --textconv HEAD:.vscode-server/cli/servers/Stable-138f619c86f1199955d53b4166bef66ef252935c/server/extensions/typescript-language-features/schemas/jsconfig.schema.json [9059ms]
2025-01-29 15:28:53.509 [info] > git show --textconv HEAD:.vscode-server/cli/servers/Stable-138f619c86f1199955d53b4166bef66ef252935c/server/extensions/typescript-language-features/schemas/package.schema.json [9051ms]
2025-01-29 15:28:53.509 [info] > git show --textconv HEAD:.vscode-server/cli/servers/Stable-138f619c86f1199955d53b4166bef66ef252935c/server/extensions/typescript-language-features/schemas/tsconfig.schema.json [9042ms]
2025-01-29 15:28:53.509 [info] > git show --textconv HEAD:.vscode-server/cli/servers/Stable-138f619c86f1199955d53b4166bef66ef252935c/server/out/bootstrap-fork.js [9033ms]
2025-01-29 15:28:53.509 [info] > git show --textconv HEAD:.vscode-server/cli/servers/Stable-138f619c86f1199955d53b4166bef66ef252935c/server/out/nls.messages.json [9008ms]
2025-01-29 15:28:53.510 [info] > git show --textconv HEAD:.vscode-server/cli/servers/Stable-138f619c86f1199955d53b4166bef66ef252935c/server/out/server-cli.js [8987ms]
2025-01-29 15:28:53.512 [info] > git show --textconv HEAD:.vscode-server/cli/servers/Stable-138f619c86f1199955d53b4166bef66ef252935c/server/out/server-main.js [8977ms]
2025-01-29 15:28:53.512 [info] > git show --textconv HEAD:.vscode-server/cli/servers/Stable-138f619c86f1199955d53b4166bef66ef252935c/server/out/vs/base/node/cpuUsage.sh [8962ms]
2025-01-29 15:28:53.516 [info] > git show --textconv HEAD:.vscode-server/cli/servers/Stable-138f619c86f1199955d53b4166bef66ef252935c/server/out/vs/base/node/ps.sh [8957ms]
2025-01-29 15:28:53.518 [info] > git show --textconv HEAD:.vscode-server/cli/servers/Stable-138f619c86f1199955d53b4166bef66ef252935c/server/out/vs/platform/files/node/watcher/watcherMain.js [8951ms]
2025-01-29 15:28:53.518 [info] > git show --textconv HEAD:.vscode-server/cli/servers/Stable-138f619c86f1199955d53b4166bef66ef252935c/server/out/vs/platform/terminal/node/ptyHostMain.js [8939ms]
2025-01-29 15:28:53.520 [info] > git show --textconv HEAD:.vscode-server/cli/servers/Stable-138f619c86f1199955d53b4166bef66ef252935c/server/out/vs/workbench/api/node/extensionHostProcess.js [8934ms]
2025-01-29 15:28:53.520 [info] > git show --textconv HEAD:.vscode-server/cli/servers/Stable-138f619c86f1199955d53b4166bef66ef252935c/server/out/vs/workbench/contrib/terminal/common/scripts/CodeTabExpansion.psm1 [8907ms]
2025-01-29 15:28:53.526 [info] > git show --textconv HEAD:.vscode-server/cli/servers/Stable-138f619c86f1199955d53b4166bef66ef252935c/server/out/vs/workbench/contrib/terminal/common/scripts/GitTabExpansion.psm1 [8903ms]
2025-01-29 15:28:53.527 [info] > git show --textconv HEAD:.vscode-server/cli/servers/Stable-138f619c86f1199955d53b4166bef66ef252935c/server/out/vs/workbench/contrib/terminal/common/scripts/shellIntegration-bash.sh [8889ms]
2025-01-29 15:28:53.528 [info] > git show --textconv HEAD:.vscode-server/cli/servers/Stable-138f619c86f1199955d53b4166bef66ef252935c/server/out/vs/workbench/contrib/terminal/common/scripts/shellIntegration-env.zsh [8881ms]
2025-01-29 15:28:53.529 [info] > git show --textconv HEAD:.vscode-server/cli/servers/Stable-138f619c86f1199955d53b4166bef66ef252935c/server/out/vs/workbench/contrib/terminal/common/scripts/shellIntegration-login.zsh [8874ms]
2025-01-29 15:28:53.532 [info] > git show --textconv HEAD:.vscode-server/cli/servers/Stable-138f619c86f1199955d53b4166bef66ef252935c/server/out/vs/workbench/contrib/terminal/common/scripts/shellIntegration-profile.zsh [8869ms]
2025-01-29 15:28:53.536 [info] > git show --textconv HEAD:.vscode-server/cli/servers/Stable-138f619c86f1199955d53b4166bef66ef252935c/server/out/vs/workbench/contrib/terminal/common/scripts/shellIntegration-rc.zsh [8866ms]
2025-01-29 15:28:53.536 [info] > git show --textconv HEAD:.vscode-server/cli/servers/Stable-138f619c86f1199955d53b4166bef66ef252935c/server/out/vs/workbench/contrib/terminal/common/scripts/shellIntegration.fish [8848ms]
2025-01-29 15:28:53.537 [info] > git show --textconv HEAD:.vscode-server/cli/servers/Stable-138f619c86f1199955d53b4166bef66ef252935c/server/out/vs/workbench/contrib/terminal/common/scripts/shellIntegration.ps1 [8839ms]
2025-01-29 15:28:53.537 [info] > git show --textconv HEAD:.vscode-server/cli/servers/Stable-91fbdddc47bc9c09064bf7acf133d22631cbf083/log.txt [8829ms]
2025-01-29 15:28:53.538 [info] > git show --textconv HEAD:.vscode-server/cli/servers/Stable-91fbdddc47bc9c09064bf7acf133d22631cbf083/pid.txt [8822ms]
2025-01-29 15:28:53.538 [info] > git show --textconv HEAD:.vscode-server/cli/servers/Stable-91fbdddc47bc9c09064bf7acf133d22631cbf083/server/LICENSE [8810ms]
2025-01-29 15:28:53.538 [info] > git show --textconv HEAD:.vscode-server/cli/servers/Stable-91fbdddc47bc9c09064bf7acf133d22631cbf083/server/node [8795ms]
2025-01-29 15:28:53.540 [info] > git show --textconv HEAD:.vscode-server/cli/servers/Stable-91fbdddc47bc9c09064bf7acf133d22631cbf083/server/package.json [8785ms]
2025-01-29 15:28:53.540 [info] > git show --textconv HEAD:.vscode-server/cli/servers/Stable-91fbdddc47bc9c09064bf7acf133d22631cbf083/server/product.json [8776ms]
2025-01-29 15:28:53.541 [info] > git show --textconv HEAD:.vscode-server/cli/servers/Stable-91fbdddc47bc9c09064bf7acf133d22631cbf083/server/bin/code-server [8766ms]
2025-01-29 15:28:53.541 [info] > git show --textconv HEAD:.vscode-server/cli/servers/Stable-91fbdddc47bc9c09064bf7acf133d22631cbf083/server/bin/helpers/browser.sh [8756ms]
2025-01-29 15:28:53.541 [info] > git show --textconv HEAD:.vscode-server/cli/servers/Stable-91fbdddc47bc9c09064bf7acf133d22631cbf083/server/bin/helpers/check-requirements.sh [8747ms]
2025-01-29 15:28:53.541 [info] > git show --textconv HEAD:.vscode-server/cli/servers/Stable-91fbdddc47bc9c09064bf7acf133d22631cbf083/server/bin/remote-cli/code [8739ms]
2025-01-29 15:28:53.542 [info] > git show --textconv HEAD:.vscode-server/cli/servers/Stable-91fbdddc47bc9c09064bf7acf133d22631cbf083/server/extensions/configuration-editing/package.json [8723ms]
2025-01-29 15:28:53.544 [info] > git show --textconv HEAD:.vscode-server/cli/servers/Stable-91fbdddc47bc9c09064bf7acf133d22631cbf083/server/extensions/configuration-editing/package.nls.json [8716ms]
2025-01-29 15:28:53.544 [info] > git show --textconv HEAD:.vscode-server/cli/servers/Stable-91fbdddc47bc9c09064bf7acf133d22631cbf083/server/extensions/configuration-editing/dist/configurationEditingMain.js [8701ms]
2025-01-29 15:28:53.546 [info] > git show --textconv HEAD:.vscode-server/cli/servers/Stable-91fbdddc47bc9c09064bf7acf133d22631cbf083/server/extensions/configuration-editing/dist/configurationEditingMain.js.LICENSE.txt [8692ms]
2025-01-29 15:28:53.547 [info] > git show --textconv HEAD:.vscode-server/cli/servers/Stable-91fbdddc47bc9c09064bf7acf133d22631cbf083/server/extensions/configuration-editing/images/icon.png [8600ms]
2025-01-29 15:28:53.547 [info] > git show --textconv HEAD:.vscode-server/cli/servers/Stable-91fbdddc47bc9c09064bf7acf133d22631cbf083/server/extensions/configuration-editing/schemas/attachContainer.schema.json [8586ms]
2025-01-29 15:28:53.552 [info] > git show --textconv HEAD:.vscode-server/cli/servers/Stable-91fbdddc47bc9c09064bf7acf133d22631cbf083/server/extensions/css-language-features/package.json [8584ms]
2025-01-29 15:28:53.555 [info] > git show --textconv HEAD:.vscode-server/cli/servers/Stable-91fbdddc47bc9c09064bf7acf133d22631cbf083/server/extensions/css-language-features/package.nls.json [8577ms]
2025-01-29 15:28:53.555 [info] > git show --textconv HEAD:.vscode-server/cli/servers/Stable-91fbdddc47bc9c09064bf7acf133d22631cbf083/server/extensions/css-language-features/README.md [8556ms]
2025-01-29 15:28:53.555 [info] > git show --textconv HEAD:.vscode-server/cli/servers/Stable-91fbdddc47bc9c09064bf7acf133d22631cbf083/server/extensions/css-language-features/client/dist/node/cssClientMain.js [8543ms]
2025-01-29 15:28:53.556 [info] > git show --textconv HEAD:.vscode-server/cli/servers/Stable-91fbdddc47bc9c09064bf7acf133d22631cbf083/server/extensions/css-language-features/icons/css.png [8533ms]
2025-01-29 15:28:53.560 [info] > git show --textconv HEAD:.vscode-server/cli/servers/Stable-91fbdddc47bc9c09064bf7acf133d22631cbf083/server/extensions/css-language-features/schemas/package.schema.json [8525ms]
2025-01-29 15:28:53.560 [info] > git show --textconv HEAD:.vscode-server/cli/servers/Stable-91fbdddc47bc9c09064bf7acf133d22631cbf083/server/extensions/css-language-features/server/.npmrc [8515ms]
2025-01-29 15:28:53.561 [info] > git show --textconv HEAD:.vscode-server/cli/servers/Stable-91fbdddc47bc9c09064bf7acf133d22631cbf083/server/extensions/css-language-features/server/package.json [8505ms]
2025-01-29 15:28:53.561 [info] > git show --textconv HEAD:.vscode-server/cli/servers/Stable-91fbdddc47bc9c09064bf7acf133d22631cbf083/server/extensions/css-language-features/server/dist/node/85.cssServerMain.js [8494ms]
2025-01-29 15:28:53.564 [info] > git show --textconv HEAD:.vscode-server/cli/servers/Stable-91fbdddc47bc9c09064bf7acf133d22631cbf083/server/extensions/css-language-features/server/dist/node/920.cssServerMain.js [8490ms]
2025-01-29 15:28:53.564 [info] > git show --textconv HEAD:.vscode-server/cli/servers/Stable-91fbdddc47bc9c09064bf7acf133d22631cbf083/server/extensions/css-language-features/server/dist/node/cssServerMain.js [8479ms]
2025-01-29 15:28:53.565 [info] > git show --textconv HEAD:.vscode-server/cli/servers/Stable-91fbdddc47bc9c09064bf7acf133d22631cbf083/server/extensions/debug-auto-launch/package.json [8457ms]
2025-01-29 15:28:53.565 [info] > git show --textconv HEAD:.vscode-server/cli/servers/Stable-91fbdddc47bc9c09064bf7acf133d22631cbf083/server/extensions/debug-auto-launch/package.nls.json [8451ms]
2025-01-29 15:28:53.565 [info] > git show --textconv HEAD:.vscode-server/cli/servers/Stable-91fbdddc47bc9c09064bf7acf133d22631cbf083/server/extensions/debug-auto-launch/.vscode/launch.json [8438ms]
2025-01-29 15:28:53.566 [info] > git show --textconv HEAD:.vscode-server/cli/servers/Stable-91fbdddc47bc9c09064bf7acf133d22631cbf083/server/extensions/debug-auto-launch/dist/extension.js [8428ms]
2025-01-29 15:28:53.566 [info] > git show --textconv HEAD:.vscode-server/cli/servers/Stable-91fbdddc47bc9c09064bf7acf133d22631cbf083/server/extensions/debug-auto-launch/media/icon.png [8414ms]
2025-01-29 15:28:53.566 [info] > git show --textconv HEAD:.vscode-server/cli/servers/Stable-91fbdddc47bc9c09064bf7acf133d22631cbf083/server/extensions/debug-server-ready/package.json [8390ms]
2025-01-29 15:28:53.568 [info] > git show --textconv HEAD:.vscode-server/cli/servers/Stable-91fbdddc47bc9c09064bf7acf133d22631cbf083/server/extensions/debug-server-ready/package.nls.json [8379ms]
2025-01-29 15:28:53.571 [info] > git show --textconv HEAD:.vscode-server/cli/servers/Stable-91fbdddc47bc9c09064bf7acf133d22631cbf083/server/extensions/debug-server-ready/dist/extension.js [8370ms]
2025-01-29 15:28:53.571 [info] > git show --textconv HEAD:.vscode-server/cli/servers/Stable-91fbdddc47bc9c09064bf7acf133d22631cbf083/server/extensions/debug-server-ready/media/icon.png [8363ms]
2025-01-29 15:28:53.572 [info] > git show --textconv HEAD:.vscode-server/cli/servers/Stable-91fbdddc47bc9c09064bf7acf133d22631cbf083/server/extensions/emmet/package.json [8356ms]
2025-01-29 15:28:53.572 [info] > git show --textconv HEAD:.vscode-server/cli/servers/Stable-91fbdddc47bc9c09064bf7acf133d22631cbf083/server/extensions/emmet/package.nls.json [8342ms]
2025-01-29 15:28:53.573 [info] > git show --textconv HEAD:.vscode-server/cli/servers/Stable-91fbdddc47bc9c09064bf7acf133d22631cbf083/server/extensions/emmet/README.md [8326ms]
2025-01-29 15:28:53.573 [info] > git show --textconv HEAD:.vscode-server/cli/servers/Stable-91fbdddc47bc9c09064bf7acf133d22631cbf083/server/extensions/emmet/dist/node/emmetNodeMain.js [8308ms]
2025-01-29 15:28:53.573 [info] > git show --textconv HEAD:.vscode-server/cli/servers/Stable-91fbdddc47bc9c09064bf7acf133d22631cbf083/server/extensions/emmet/images/icon.png [8298ms]
2025-01-29 15:28:53.576 [info] > git show --textconv HEAD:.vscode-server/cli/servers/Stable-91fbdddc47bc9c09064bf7acf133d22631cbf083/server/extensions/extension-editing/package.json [8290ms]
2025-01-29 15:28:53.576 [info] > git show --textconv HEAD:.vscode-server/cli/servers/Stable-91fbdddc47bc9c09064bf7acf133d22631cbf083/server/extensions/extension-editing/package.nls.json [8279ms]
2025-01-29 15:28:53.577 [info] > git show --textconv HEAD:.vscode-server/cli/servers/Stable-91fbdddc47bc9c09064bf7acf133d22631cbf083/server/extensions/extension-editing/dist/extensionEditingMain.js [8271ms]
2025-01-29 15:28:53.578 [info] > git show --textconv HEAD:.vscode-server/cli/servers/Stable-91fbdddc47bc9c09064bf7acf133d22631cbf083/server/extensions/extension-editing/images/icon.png [8264ms]
2025-01-29 15:28:53.578 [info] > git show --textconv HEAD:.vscode-server/cli/servers/Stable-91fbdddc47bc9c09064bf7acf133d22631cbf083/server/extensions/git/package.json [8235ms]
2025-01-29 15:28:53.580 [info] > git show --textconv HEAD:.vscode-server/cli/servers/Stable-91fbdddc47bc9c09064bf7acf133d22631cbf083/server/extensions/git/package.nls.json [8110ms]
2025-01-29 15:28:53.580 [info] > git show --textconv HEAD:.vscode-server/cli/servers/Stable-91fbdddc47bc9c09064bf7acf133d22631cbf083/server/extensions/git/README.md [8104ms]
2025-01-29 15:28:53.584 [info] > git show --textconv HEAD:.vscode-server/cli/servers/Stable-91fbdddc47bc9c09064bf7acf133d22631cbf083/server/extensions/git/dist/askpass-empty.sh [8103ms]
2025-01-29 15:28:53.586 [info] > git show --textconv HEAD:.vscode-server/cli/servers/Stable-91fbdddc47bc9c09064bf7acf133d22631cbf083/server/extensions/git/dist/askpass-main.js [8100ms]
2025-01-29 15:28:53.587 [info] > git show --textconv HEAD:.vscode-server/cli/servers/Stable-91fbdddc47bc9c09064bf7acf133d22631cbf083/server/extensions/git/dist/askpass.sh [8094ms]
2025-01-29 15:28:53.588 [info] > git show --textconv HEAD:.vscode-server/cli/servers/Stable-91fbdddc47bc9c09064bf7acf133d22631cbf083/server/extensions/git/dist/git-editor-empty.sh [8092ms]
2025-01-29 15:28:53.588 [info] > git show --textconv HEAD:.vscode-server/cli/servers/Stable-91fbdddc47bc9c09064bf7acf133d22631cbf083/server/extensions/git/dist/git-editor-main.js [8087ms]
2025-01-29 15:28:53.589 [info] > git show --textconv HEAD:.vscode-server/cli/servers/Stable-91fbdddc47bc9c09064bf7acf133d22631cbf083/server/extensions/git/dist/git-editor.sh [8084ms]
2025-01-29 15:28:53.589 [info] > git show --textconv HEAD:.vscode-server/cli/servers/Stable-91fbdddc47bc9c09064bf7acf133d22631cbf083/server/extensions/git/dist/main.js [8078ms]
2025-01-29 15:28:53.589 [info] > git show --textconv HEAD:.vscode-server/cli/servers/Stable-91fbdddc47bc9c09064bf7acf133d22631cbf083/server/extensions/git/dist/main.js.LICENSE.txt [8073ms]
2025-01-29 15:28:53.589 [info] > git show --textconv HEAD:.vscode-server/cli/servers/Stable-91fbdddc47bc9c09064bf7acf133d22631cbf083/server/extensions/git/dist/ssh-askpass-empty.sh [8065ms]
2025-01-29 15:28:53.590 [info] > git show --textconv HEAD:.vscode-server/cli/servers/Stable-91fbdddc47bc9c09064bf7acf133d22631cbf083/server/extensions/git/dist/ssh-askpass.sh [8051ms]
2025-01-29 15:28:53.590 [info] > git show --textconv HEAD:.vscode-server/cli/servers/Stable-91fbdddc47bc9c09064bf7acf133d22631cbf083/server/extensions/git/resources/emojis.json [8038ms]
2025-01-29 15:28:53.591 [info] > git show --textconv HEAD:.vscode-server/cli/servers/Stable-91fbdddc47bc9c09064bf7acf133d22631cbf083/server/extensions/git/resources/icons/git.png [8027ms]
2025-01-29 15:28:53.596 [info] > git show --textconv HEAD:.vscode-server/cli/servers/Stable-91fbdddc47bc9c09064bf7acf133d22631cbf083/server/extensions/git/resources/icons/dark/status-added.svg [8022ms]
2025-01-29 15:28:53.596 [info] > git show --textconv HEAD:.vscode-server/cli/servers/Stable-91fbdddc47bc9c09064bf7acf133d22631cbf083/server/extensions/git/resources/icons/dark/status-conflict.svg [8007ms]
2025-01-29 15:28:53.600 [info] > git show --textconv HEAD:.vscode-server/cli/servers/Stable-91fbdddc47bc9c09064bf7acf133d22631cbf083/server/extensions/git/resources/icons/dark/status-copied.svg [7964ms]
2025-01-29 15:28:53.604 [info] > git show --textconv HEAD:.vscode-server/cli/servers/Stable-91fbdddc47bc9c09064bf7acf133d22631cbf083/server/extensions/git/resources/icons/dark/status-deleted.svg [7953ms]
2025-01-29 15:28:53.604 [info] > git show --textconv HEAD:.vscode-server/cli/servers/Stable-91fbdddc47bc9c09064bf7acf133d22631cbf083/server/extensions/git/resources/icons/dark/status-ignored.svg [7939ms]
2025-01-29 15:28:53.605 [info] > git show --textconv HEAD:.vscode-server/cli/servers/Stable-91fbdddc47bc9c09064bf7acf133d22631cbf083/server/extensions/git/resources/icons/dark/status-modified.svg [7930ms]
2025-01-29 15:28:53.605 [info] > git show --textconv HEAD:.vscode-server/cli/servers/Stable-91fbdddc47bc9c09064bf7acf133d22631cbf083/server/extensions/git/resources/icons/dark/status-renamed.svg [7918ms]
2025-01-29 15:28:53.605 [info] > git show --textconv HEAD:.vscode-server/cli/servers/Stable-91fbdddc47bc9c09064bf7acf133d22631cbf083/server/extensions/git/resources/icons/dark/status-type-changed.svg [7910ms]
2025-01-29 15:28:53.605 [info] > git show --textconv HEAD:.vscode-server/cli/servers/Stable-91fbdddc47bc9c09064bf7acf133d22631cbf083/server/extensions/git/resources/icons/dark/status-untracked.svg [7903ms]
2025-01-29 15:28:53.608 [info] > git show --textconv HEAD:.vscode-server/cli/servers/Stable-91fbdddc47bc9c09064bf7acf133d22631cbf083/server/extensions/git/resources/icons/light/status-added.svg [7889ms]
2025-01-29 15:28:53.608 [info] > git show --textconv HEAD:.vscode-server/cli/servers/Stable-91fbdddc47bc9c09064bf7acf133d22631cbf083/server/extensions/git/resources/icons/light/status-conflict.svg [7872ms]
2025-01-29 15:28:53.609 [info] > git show --textconv HEAD:.vscode-server/cli/servers/Stable-91fbdddc47bc9c09064bf7acf133d22631cbf083/server/extensions/git/resources/icons/light/status-copied.svg [7862ms]
2025-01-29 15:28:53.609 [info] > git show --textconv HEAD:.vscode-server/cli/servers/Stable-91fbdddc47bc9c09064bf7acf133d22631cbf083/server/extensions/git/resources/icons/light/status-deleted.svg [7848ms]
2025-01-29 15:28:53.612 [info] > git show --textconv HEAD:.vscode-server/cli/servers/Stable-91fbdddc47bc9c09064bf7acf133d22631cbf083/server/extensions/git/resources/icons/light/status-ignored.svg [7841ms]
2025-01-29 15:28:53.613 [info] > git show --textconv HEAD:.vscode-server/cli/servers/Stable-91fbdddc47bc9c09064bf7acf133d22631cbf083/server/extensions/git/resources/icons/light/status-modified.svg [7827ms]
2025-01-29 15:28:53.613 [info] > git show --textconv HEAD:.vscode-server/cli/servers/Stable-91fbdddc47bc9c09064bf7acf133d22631cbf083/server/extensions/git/resources/icons/light/status-renamed.svg [7817ms]
2025-01-29 15:28:53.613 [info] > git show --textconv HEAD:.vscode-server/cli/servers/Stable-91fbdddc47bc9c09064bf7acf133d22631cbf083/server/extensions/git/resources/icons/light/status-type-changed.svg [7806ms]
2025-01-29 15:28:53.613 [info] > git show --textconv HEAD:.vscode-server/cli/servers/Stable-91fbdddc47bc9c09064bf7acf133d22631cbf083/server/extensions/git/resources/icons/light/status-untracked.svg [7794ms]
2025-01-29 15:28:53.614 [info] > git show --textconv HEAD:.vscode-server/cli/servers/Stable-91fbdddc47bc9c09064bf7acf133d22631cbf083/server/extensions/git-base/package.json [7784ms]
2025-01-29 15:28:53.614 [info] > git show --textconv HEAD:.vscode-server/cli/servers/Stable-91fbdddc47bc9c09064bf7acf133d22631cbf083/server/extensions/git-base/package.nls.json [7774ms]
2025-01-29 15:28:53.614 [info] > git show --textconv HEAD:.vscode-server/cli/servers/Stable-91fbdddc47bc9c09064bf7acf133d22631cbf083/server/extensions/git-base/README.md [7767ms]
2025-01-29 15:28:53.614 [info] > git show --textconv HEAD:.vscode-server/cli/servers/Stable-91fbdddc47bc9c09064bf7acf133d22631cbf083/server/extensions/git-base/dist/extension.js [7749ms]
2025-01-29 15:28:53.615 [info] > git show --textconv HEAD:.vscode-server/cli/servers/Stable-91fbdddc47bc9c09064bf7acf133d22631cbf083/server/extensions/git-base/languages/git-commit.language-configuration.json [7741ms]
2025-01-29 15:28:53.615 [info] > git show --textconv HEAD:.vscode-server/cli/servers/Stable-91fbdddc47bc9c09064bf7acf133d22631cbf083/server/extensions/git-base/languages/git-rebase.language-configuration.json [7727ms]
2025-01-29 15:28:53.615 [info] > git show --textconv HEAD:.vscode-server/cli/servers/Stable-91fbdddc47bc9c09064bf7acf133d22631cbf083/server/extensions/git-base/languages/ignore.language-configuration.json [7715ms]
2025-01-29 15:28:53.615 [info] > git show --textconv HEAD:.vscode-server/cli/servers/Stable-91fbdddc47bc9c09064bf7acf133d22631cbf083/server/extensions/git-base/resources/icons/git.png [7703ms]
2025-01-29 15:28:53.616 [info] > git show --textconv HEAD:.vscode-server/cli/servers/Stable-91fbdddc47bc9c09064bf7acf133d22631cbf083/server/extensions/git-base/syntaxes/git-commit.tmLanguage.json [7694ms]
2025-01-29 15:28:53.617 [info] > git show --textconv HEAD:.vscode-server/cli/servers/Stable-91fbdddc47bc9c09064bf7acf133d22631cbf083/server/extensions/git-base/syntaxes/git-rebase.tmLanguage.json [7683ms]
2025-01-29 15:28:53.620 [info] > git show --textconv HEAD:.vscode-server/cli/servers/Stable-91fbdddc47bc9c09064bf7acf133d22631cbf083/server/extensions/git-base/syntaxes/ignore.tmLanguage.json [7674ms]
2025-01-29 15:28:53.620 [info] > git show --textconv HEAD:.vscode-server/cli/servers/Stable-91fbdddc47bc9c09064bf7acf133d22631cbf083/server/extensions/github/markdown.css [7655ms]
2025-01-29 15:28:53.621 [info] > git show --textconv HEAD:.vscode-server/cli/servers/Stable-91fbdddc47bc9c09064bf7acf133d22631cbf083/server/extensions/github/package.json [7633ms]
2025-01-29 15:28:53.621 [info] > git show --textconv HEAD:.vscode-server/cli/servers/Stable-91fbdddc47bc9c09064bf7acf133d22631cbf083/server/extensions/github/package.nls.json [7566ms]
2025-01-29 15:28:53.621 [info] > git show --textconv HEAD:.vscode-server/cli/servers/Stable-91fbdddc47bc9c09064bf7acf133d22631cbf083/server/extensions/github/README.md [7542ms]
2025-01-29 15:28:53.622 [info] > git show --textconv HEAD:.vscode-server/cli/servers/Stable-91fbdddc47bc9c09064bf7acf133d22631cbf083/server/extensions/github/dist/extension.js [7534ms]
2025-01-29 15:28:53.632 [info] > git show --textconv HEAD:.vscode-server/cli/servers/Stable-91fbdddc47bc9c09064bf7acf133d22631cbf083/server/extensions/github/dist/extension.js.LICENSE.txt [7535ms]
2025-01-29 15:28:53.633 [info] > git show --textconv HEAD:.vscode-server/cli/servers/Stable-91fbdddc47bc9c09064bf7acf133d22631cbf083/server/extensions/github/images/icon.png [7516ms]
2025-01-29 15:28:53.633 [info] > git show --textconv HEAD:.vscode-server/cli/servers/Stable-91fbdddc47bc9c09064bf7acf133d22631cbf083/server/extensions/github/testWorkspace/PULL_REQUEST_TEMPLATE.md [7509ms]
2025-01-29 15:28:53.633 [info] > git show --textconv HEAD:.vscode-server/cli/servers/Stable-91fbdddc47bc9c09064bf7acf133d22631cbf083/server/extensions/github/testWorkspace/some-markdown.md [7494ms]
2025-01-29 15:28:53.633 [info] > git show --textconv HEAD:.vscode-server/cli/servers/Stable-91fbdddc47bc9c09064bf7acf133d22631cbf083/server/extensions/github/testWorkspace/x.txt [7487ms]
2025-01-29 15:28:53.634 [info] > git show --textconv HEAD:.vscode-server/cli/servers/Stable-91fbdddc47bc9c09064bf7acf133d22631cbf083/server/extensions/github/testWorkspace/.github/PULL_REQUEST_TEMPLATE.md [7475ms]
2025-01-29 15:28:53.634 [info] > git show --textconv HEAD:.vscode-server/cli/servers/Stable-91fbdddc47bc9c09064bf7acf133d22631cbf083/server/extensions/github/testWorkspace/.github/PULL_REQUEST_TEMPLATE/a.md [7462ms]
2025-01-29 15:28:53.634 [info] > git show --textconv HEAD:.vscode-server/cli/servers/Stable-91fbdddc47bc9c09064bf7acf133d22631cbf083/server/extensions/github/testWorkspace/.github/PULL_REQUEST_TEMPLATE/b.md [7448ms]
2025-01-29 15:28:53.635 [info] > git show --textconv HEAD:.vscode-server/cli/servers/Stable-91fbdddc47bc9c09064bf7acf133d22631cbf083/server/extensions/github/testWorkspace/.github/PULL_REQUEST_TEMPLATE/x.txt [7437ms]
2025-01-29 15:28:53.635 [info] > git show --textconv HEAD:.vscode-server/cli/servers/Stable-91fbdddc47bc9c09064bf7acf133d22631cbf083/server/extensions/github/testWorkspace/PULL_REQUEST_TEMPLATE/a.md [7424ms]
2025-01-29 15:28:53.635 [info] > git show --textconv HEAD:.vscode-server/cli/servers/Stable-91fbdddc47bc9c09064bf7acf133d22631cbf083/server/extensions/github/testWorkspace/PULL_REQUEST_TEMPLATE/b.md [7408ms]
2025-01-29 15:28:53.636 [info] > git show --textconv HEAD:.vscode-server/cli/servers/Stable-91fbdddc47bc9c09064bf7acf133d22631cbf083/server/extensions/github/testWorkspace/PULL_REQUEST_TEMPLATE/x.txt [7400ms]
2025-01-29 15:28:53.637 [info] > git show --textconv HEAD:.vscode-server/cli/servers/Stable-91fbdddc47bc9c09064bf7acf133d22631cbf083/server/extensions/github/testWorkspace/docs/PULL_REQUEST_TEMPLATE.md [7382ms]
2025-01-29 15:28:53.637 [info] > git show --textconv HEAD:.vscode-server/cli/servers/Stable-91fbdddc47bc9c09064bf7acf133d22631cbf083/server/extensions/github/testWorkspace/docs/PULL_REQUEST_TEMPLATE/a.md [7363ms]
2025-01-29 15:28:53.637 [info] > git show --textconv HEAD:.vscode-server/cli/servers/Stable-91fbdddc47bc9c09064bf7acf133d22631cbf083/server/extensions/github/testWorkspace/docs/PULL_REQUEST_TEMPLATE/b.md [7350ms]
2025-01-29 15:28:53.638 [info] > git show --textconv HEAD:.vscode-server/cli/servers/Stable-91fbdddc47bc9c09064bf7acf133d22631cbf083/server/extensions/github/testWorkspace/docs/PULL_REQUEST_TEMPLATE/x.txt [7330ms]
2025-01-29 15:28:53.638 [info] > git show --textconv HEAD:.vscode-server/cli/servers/Stable-91fbdddc47bc9c09064bf7acf133d22631cbf083/server/extensions/github-authentication/package.json [7310ms]
2025-01-29 15:28:53.638 [info] > git show --textconv HEAD:.vscode-server/cli/servers/Stable-91fbdddc47bc9c09064bf7acf133d22631cbf083/server/extensions/github-authentication/package.nls.json [7303ms]
2025-01-29 15:28:53.639 [info] > git show --textconv HEAD:.vscode-server/cli/servers/Stable-91fbdddc47bc9c09064bf7acf133d22631cbf083/server/extensions/github-authentication/README.md [7288ms]
2025-01-29 15:28:53.639 [info] > git show --textconv HEAD:.vscode-server/cli/servers/Stable-91fbdddc47bc9c09064bf7acf133d22631cbf083/server/extensions/github-authentication/dist/extension.js [7271ms]
2025-01-29 15:28:53.639 [info] > git show --textconv HEAD:.vscode-server/cli/servers/Stable-91fbdddc47bc9c09064bf7acf133d22631cbf083/server/extensions/github-authentication/images/icon.png [7242ms]
2025-01-29 15:28:53.653 [info] > git show --textconv HEAD:.vscode-server/cli/servers/Stable-91fbdddc47bc9c09064bf7acf133d22631cbf083/server/extensions/github-authentication/media/auth.css [7242ms]
2025-01-29 15:28:53.653 [info] > git show --textconv HEAD:.vscode-server/cli/servers/Stable-91fbdddc47bc9c09064bf7acf133d22631cbf083/server/extensions/github-authentication/media/favicon.ico [7227ms]
2025-01-29 15:28:53.653 [info] > git show --textconv HEAD:.vscode-server/cli/servers/Stable-91fbdddc47bc9c09064bf7acf133d22631cbf083/server/extensions/github-authentication/media/icon.png [7085ms]
2025-01-29 15:28:53.654 [info] > git show --textconv HEAD:.vscode-server/cli/servers/Stable-91fbdddc47bc9c09064bf7acf133d22631cbf083/server/extensions/github-authentication/media/index.html [7075ms]
2025-01-29 15:28:53.654 [info] > git show --textconv HEAD:.vscode-server/cli/servers/Stable-91fbdddc47bc9c09064bf7acf133d22631cbf083/server/extensions/grunt/package.json [7067ms]
2025-01-29 15:28:53.654 [info] > git show --textconv HEAD:.vscode-server/cli/servers/Stable-91fbdddc47bc9c09064bf7acf133d22631cbf083/server/extensions/grunt/package.nls.json [6914ms]
2025-01-29 15:28:53.655 [info] > git show --textconv HEAD:.vscode-server/cli/servers/Stable-91fbdddc47bc9c09064bf7acf133d22631cbf083/server/extensions/grunt/README.md [6883ms]
2025-01-29 15:28:53.655 [info] > git show --textconv HEAD:.vscode-server/cli/servers/Stable-91fbdddc47bc9c09064bf7acf133d22631cbf083/server/extensions/grunt/dist/main.js [6810ms]
2025-01-29 15:28:53.656 [info] > git show --textconv HEAD:.vscode-server/cli/servers/Stable-91fbdddc47bc9c09064bf7acf133d22631cbf083/server/extensions/grunt/images/grunt.png [6775ms]
2025-01-29 15:28:53.656 [info] > git show --textconv HEAD:.vscode-server/cli/servers/Stable-91fbdddc47bc9c09064bf7acf133d22631cbf083/server/extensions/gulp/package.json [6742ms]
2025-01-29 15:28:53.657 [info] > git show --textconv HEAD:.vscode-server/cli/servers/Stable-91fbdddc47bc9c09064bf7acf133d22631cbf083/server/extensions/gulp/package.nls.json [6698ms]
2025-01-29 15:28:53.657 [info] > git show --textconv HEAD:.vscode-server/cli/servers/Stable-91fbdddc47bc9c09064bf7acf133d22631cbf083/server/extensions/gulp/README.md [6673ms]
2025-01-29 15:28:53.658 [info] > git show --textconv HEAD:.vscode-server/cli/servers/Stable-91fbdddc47bc9c09064bf7acf133d22631cbf083/server/extensions/gulp/dist/main.js [6632ms]
2025-01-29 15:28:53.658 [info] > git show --textconv HEAD:.vscode-server/cli/servers/Stable-91fbdddc47bc9c09064bf7acf133d22631cbf083/server/extensions/gulp/images/gulp.png [6623ms]
2025-01-29 15:28:53.658 [info] > git show --textconv HEAD:.vscode-server/cli/servers/Stable-91fbdddc47bc9c09064bf7acf133d22631cbf083/server/extensions/html-language-features/package.json [6591ms]
2025-01-29 15:28:53.658 [info] > git show --textconv HEAD:.vscode-server/cli/servers/Stable-91fbdddc47bc9c09064bf7acf133d22631cbf083/server/extensions/html-language-features/package.nls.json [6562ms]
2025-01-29 15:28:53.659 [info] > git show --textconv HEAD:.vscode-server/cli/servers/Stable-91fbdddc47bc9c09064bf7acf133d22631cbf083/server/extensions/html-language-features/README.md [6485ms]
2025-01-29 15:28:53.659 [info] > git show --textconv HEAD:.vscode-server/cli/servers/Stable-91fbdddc47bc9c09064bf7acf133d22631cbf083/server/extensions/html-language-features/client/dist/node/htmlClientMain.js [6450ms]
2025-01-29 15:28:53.659 [info] > git show --textconv HEAD:.vscode-server/cli/servers/Stable-91fbdddc47bc9c09064bf7acf133d22631cbf083/server/extensions/html-language-features/icons/html.png [6433ms]
2025-01-29 15:28:53.659 [info] > git show --textconv HEAD:.vscode-server/cli/servers/Stable-91fbdddc47bc9c09064bf7acf133d22631cbf083/server/extensions/html-language-features/schemas/package.schema.json [6348ms]
2025-01-29 15:28:53.660 [info] > git show --textconv HEAD:.vscode-server/cli/servers/Stable-91fbdddc47bc9c09064bf7acf133d22631cbf083/server/extensions/html-language-features/server/.npmrc [6336ms]
2025-01-29 15:28:53.660 [info] > git show --textconv HEAD:.vscode-server/cli/servers/Stable-91fbdddc47bc9c09064bf7acf133d22631cbf083/server/extensions/html-language-features/server/package.json [6328ms]
2025-01-29 15:28:53.660 [info] > git show --textconv HEAD:.vscode-server/cli/servers/Stable-91fbdddc47bc9c09064bf7acf133d22631cbf083/server/extensions/html-language-features/server/dist/node/421.htmlServerMain.js [6320ms]
2025-01-29 15:28:53.660 [info] > git show --textconv HEAD:.vscode-server/cli/servers/Stable-91fbdddc47bc9c09064bf7acf133d22631cbf083/server/extensions/html-language-features/server/dist/node/490.htmlServerMain.js [6315ms]
2025-01-29 15:28:53.661 [info] > git show --textconv HEAD:.vscode-server/cli/servers/Stable-91fbdddc47bc9c09064bf7acf133d22631cbf083/server/extensions/html-language-features/server/dist/node/769.htmlServerMain.js [6308ms]
2025-01-29 15:28:53.661 [info] > git show --textconv HEAD:.vscode-server/cli/servers/Stable-91fbdddc47bc9c09064bf7acf133d22631cbf083/server/extensions/html-language-features/server/dist/node/htmlServerMain.js [6303ms]
2025-01-29 15:28:53.680 [info] > git show --textconv HEAD:.vscode-server/cli/servers/Stable-91fbdddc47bc9c09064bf7acf133d22631cbf083/server/extensions/html-language-features/server/lib/jquery.d.ts [6296ms]
2025-01-29 15:28:53.680 [info] > git show --textconv HEAD:.vscode-server/cli/servers/Stable-91fbdddc47bc9c09064bf7acf133d22631cbf083/server/extensions/ipynb/package.json [6310ms]
2025-01-29 15:28:53.686 [info] > git show --textconv HEAD:.vscode-server/cli/servers/Stable-91fbdddc47bc9c09064bf7acf133d22631cbf083/server/extensions/ipynb/package.nls.json [6312ms]
2025-01-29 15:28:53.687 [info] > git show --textconv HEAD:.vscode-server/cli/servers/Stable-91fbdddc47bc9c09064bf7acf133d22631cbf083/server/extensions/ipynb/README.md [6306ms]
2025-01-29 15:28:53.687 [info] > git show --textconv HEAD:.vscode-server/cli/servers/Stable-91fbdddc47bc9c09064bf7acf133d22631cbf083/server/extensions/ipynb/dist/ipynbMain.node.js [6301ms]
2025-01-29 15:28:53.687 [info] > git show --textconv HEAD:.vscode-server/cli/servers/Stable-91fbdddc47bc9c09064bf7acf133d22631cbf083/server/extensions/ipynb/dist/notebookSerializerWorker.js [6297ms]
2025-01-29 15:28:53.688 [info] > git show --textconv HEAD:.vscode-server/cli/servers/Stable-91fbdddc47bc9c09064bf7acf133d22631cbf083/server/extensions/ipynb/media/icon.png [6292ms]
2025-01-29 15:28:53.688 [info] > git show --textconv HEAD:.vscode-server/cli/servers/Stable-91fbdddc47bc9c09064bf7acf133d22631cbf083/server/extensions/ipynb/notebook-out/cellAttachmentRenderer.js [6287ms]
2025-01-29 15:28:53.688 [info] > git show --textconv HEAD:.vscode-server/cli/servers/Stable-91fbdddc47bc9c09064bf7acf133d22631cbf083/server/extensions/jake/package.json [6274ms]
2025-01-29 15:28:53.688 [info] > git show --textconv HEAD:.vscode-server/cli/servers/Stable-91fbdddc47bc9c09064bf7acf133d22631cbf083/server/extensions/jake/package.nls.json [6270ms]
2025-01-29 15:28:53.693 [info] > git show --textconv HEAD:.vscode-server/cli/servers/Stable-91fbdddc47bc9c09064bf7acf133d22631cbf083/server/extensions/jake/README.md [6269ms]
2025-01-29 15:28:53.693 [info] > git show --textconv HEAD:.vscode-server/cli/servers/Stable-91fbdddc47bc9c09064bf7acf133d22631cbf083/server/extensions/jake/dist/main.js [6263ms]
2025-01-29 15:28:53.693 [info] > git show --textconv HEAD:.vscode-server/cli/servers/Stable-91fbdddc47bc9c09064bf7acf133d22631cbf083/server/extensions/jake/images/cowboy_hat.png [6222ms]
2025-01-29 15:28:53.695 [info] > git show --textconv HEAD:.vscode-server/cli/servers/Stable-91fbdddc47bc9c09064bf7acf133d22631cbf083/server/extensions/json-language-features/package.json [6216ms]
2025-01-29 15:28:53.699 [info] > git show --textconv HEAD:.vscode-server/cli/servers/Stable-91fbdddc47bc9c09064bf7acf133d22631cbf083/server/extensions/json-language-features/package.nls.json [6173ms]
2025-01-29 15:28:53.699 [info] > git show --textconv HEAD:.vscode-server/cli/servers/Stable-91fbdddc47bc9c09064bf7acf133d22631cbf083/server/extensions/json-language-features/README.md [6155ms]
2025-01-29 15:28:53.699 [info] > git show --textconv HEAD:.vscode-server/cli/servers/Stable-91fbdddc47bc9c09064bf7acf133d22631cbf083/server/extensions/json-language-features/client/dist/node/jsonClientMain.js [6104ms]
2025-01-29 15:28:53.704 [info] > git show --textconv HEAD:.vscode-server/cli/servers/Stable-91fbdddc47bc9c09064bf7acf133d22631cbf083/server/extensions/json-language-features/icons/json.png [6069ms]
2025-01-29 15:28:53.704 [info] > git show --textconv HEAD:.vscode-server/cli/servers/Stable-91fbdddc47bc9c09064bf7acf133d22631cbf083/server/extensions/json-language-features/server/.npmrc [6034ms]
2025-01-29 15:28:53.705 [info] > git show --textconv HEAD:.vscode-server/cli/servers/Stable-91fbdddc47bc9c09064bf7acf133d22631cbf083/server/extensions/json-language-features/server/package.json [6021ms]
2025-01-29 15:28:53.705 [info] > git show --textconv HEAD:.vscode-server/cli/servers/Stable-91fbdddc47bc9c09064bf7acf133d22631cbf083/server/extensions/json-language-features/server/dist/node/774.jsonServerMain.js [6008ms]
2025-01-29 15:28:53.705 [info] > git show --textconv HEAD:.vscode-server/cli/servers/Stable-91fbdddc47bc9c09064bf7acf133d22631cbf083/server/extensions/json-language-features/server/dist/node/875.jsonServerMain.js [5994ms]
2025-01-29 15:28:53.705 [info] > git show --textconv HEAD:.vscode-server/cli/servers/Stable-91fbdddc47bc9c09064bf7acf133d22631cbf083/server/extensions/json-language-features/server/dist/node/jsonServerMain.js [5981ms]
2025-01-29 15:28:53.706 [info] > git show --textconv HEAD:.vscode-server/cli/servers/Stable-91fbdddc47bc9c09064bf7acf133d22631cbf083/server/extensions/markdown-language-features/icon.png [5972ms]
2025-01-29 15:28:53.706 [info] > git show --textconv HEAD:.vscode-server/cli/servers/Stable-91fbdddc47bc9c09064bf7acf133d22631cbf083/server/extensions/markdown-language-features/package.json [5963ms]
2025-01-29 15:28:53.708 [info] > git show --textconv HEAD:.vscode-server/cli/servers/Stable-91fbdddc47bc9c09064bf7acf133d22631cbf083/server/extensions/markdown-language-features/package.nls.json [5955ms]
2025-01-29 15:28:53.708 [info] > git show --textconv HEAD:.vscode-server/cli/servers/Stable-91fbdddc47bc9c09064bf7acf133d22631cbf083/server/extensions/markdown-language-features/README.md [5945ms]
2025-01-29 15:28:53.709 [info] > git show --textconv HEAD:.vscode-server/cli/servers/Stable-91fbdddc47bc9c09064bf7acf133d22631cbf083/server/extensions/markdown-language-features/dist/extension.js [5937ms]
2025-01-29 15:28:53.709 [info] > git show --textconv HEAD:.vscode-server/cli/servers/Stable-91fbdddc47bc9c09064bf7acf133d22631cbf083/server/extensions/markdown-language-features/dist/serverWorkerMain.js [5899ms]
2025-01-29 15:28:53.709 [info] > git show --textconv HEAD:.vscode-server/cli/servers/Stable-91fbdddc47bc9c09064bf7acf133d22631cbf083/server/extensions/markdown-language-features/dist/serverWorkerMain.js.LICENSE.txt [5890ms]
2025-01-29 15:28:53.710 [info] > git show --textconv HEAD:.vscode-server/cli/servers/Stable-91fbdddc47bc9c09064bf7acf133d22631cbf083/server/extensions/markdown-language-features/media/highlight.css [5878ms]
2025-01-29 15:28:53.711 [info] > git show --textconv HEAD:.vscode-server/cli/servers/Stable-91fbdddc47bc9c09064bf7acf133d22631cbf083/server/extensions/markdown-language-features/media/index.js [5871ms]
2025-01-29 15:28:53.711 [info] > git show --textconv HEAD:.vscode-server/cli/servers/Stable-91fbdddc47bc9c09064bf7acf133d22631cbf083/server/extensions/markdown-language-features/media/markdown.css [5862ms]
2025-01-29 15:28:53.711 [info] > git show --textconv HEAD:.vscode-server/cli/servers/Stable-91fbdddc47bc9c09064bf7acf133d22631cbf083/server/extensions/markdown-language-features/media/pre.js [5852ms]
2025-01-29 15:28:53.711 [info] > git show --textconv HEAD:.vscode-server/cli/servers/Stable-91fbdddc47bc9c09064bf7acf133d22631cbf083/server/extensions/markdown-language-features/media/preview-dark.svg [5837ms]
2025-01-29 15:28:53.712 [info] > git show --textconv HEAD:.vscode-server/cli/servers/Stable-91fbdddc47bc9c09064bf7acf133d22631cbf083/server/extensions/markdown-language-features/media/preview-light.svg [5826ms]
2025-01-29 15:28:53.712 [info] > git show --textconv HEAD:.vscode-server/cli/servers/Stable-91fbdddc47bc9c09064bf7acf133d22631cbf083/server/extensions/markdown-language-features/notebook-out/index.js [5817ms]
2025-01-29 15:28:53.714 [info] > git show --textconv HEAD:.vscode-server/cli/servers/Stable-91fbdddc47bc9c09064bf7acf133d22631cbf083/server/extensions/markdown-language-features/schemas/package.schema.json [5810ms]
2025-01-29 15:28:53.714 [info] > git show --textconv HEAD:.vscode-server/cli/servers/Stable-91fbdddc47bc9c09064bf7acf133d22631cbf083/server/extensions/markdown-math/icon.png [5800ms]
2025-01-29 15:28:53.715 [info] > git show --textconv HEAD:.vscode-server/cli/servers/Stable-91fbdddc47bc9c09064bf7acf133d22631cbf083/server/extensions/markdown-math/package.json [5782ms]
2025-01-29 15:28:53.715 [info] > git show --textconv HEAD:.vscode-server/cli/servers/Stable-91fbdddc47bc9c09064bf7acf133d22631cbf083/server/extensions/markdown-math/package.nls.json [5772ms]
2025-01-29 15:28:53.715 [info] > git show --textconv HEAD:.vscode-server/cli/servers/Stable-91fbdddc47bc9c09064bf7acf133d22631cbf083/server/extensions/markdown-math/README.md [5763ms]
2025-01-29 15:28:53.716 [info] > git show --textconv HEAD:.vscode-server/cli/servers/Stable-91fbdddc47bc9c09064bf7acf133d22631cbf083/server/extensions/markdown-math/dist/extension.js [5752ms]
2025-01-29 15:28:53.716 [info] > git show --textconv HEAD:.vscode-server/cli/servers/Stable-91fbdddc47bc9c09064bf7acf133d22631cbf083/server/extensions/markdown-math/notebook-out/katex.js [5733ms]
2025-01-29 15:28:53.716 [info] > git show --textconv HEAD:.vscode-server/cli/servers/Stable-91fbdddc47bc9c09064bf7acf133d22631cbf083/server/extensions/markdown-math/notebook-out/katex.min.css [5726ms]
2025-01-29 15:28:53.716 [info] > git show --textconv HEAD:.vscode-server/cli/servers/Stable-91fbdddc47bc9c09064bf7acf133d22631cbf083/server/extensions/markdown-math/notebook-out/fonts/KaTeX_AMS-Regular.woff2 [5718ms]
2025-01-29 15:28:53.738 [info] > git show --textconv HEAD:.vscode-server/cli/servers/Stable-91fbdddc47bc9c09064bf7acf133d22631cbf083/server/extensions/markdown-math/notebook-out/fonts/KaTeX_Caligraphic-Bold.woff2 [5727ms]
2025-01-29 15:28:53.744 [info] > git show --textconv HEAD:.vscode-server/cli/servers/Stable-91fbdddc47bc9c09064bf7acf133d22631cbf083/server/extensions/markdown-math/notebook-out/fonts/KaTeX_Caligraphic-Regular.woff2 [5720ms]
2025-01-29 15:28:53.747 [info] > git show --textconv HEAD:.vscode-server/cli/servers/Stable-91fbdddc47bc9c09064bf7acf133d22631cbf083/server/extensions/markdown-math/notebook-out/fonts/KaTeX_Fraktur-Bold.woff2 [5711ms]
2025-01-29 15:28:53.747 [info] > git show --textconv HEAD:.vscode-server/cli/servers/Stable-91fbdddc47bc9c09064bf7acf133d22631cbf083/server/extensions/markdown-math/notebook-out/fonts/KaTeX_Fraktur-Regular.woff2 [5700ms]
2025-01-29 15:28:53.748 [info] > git show --textconv HEAD:.vscode-server/cli/servers/Stable-91fbdddc47bc9c09064bf7acf133d22631cbf083/server/extensions/markdown-math/notebook-out/fonts/KaTeX_Main-Bold.woff2 [5690ms]
2025-01-29 15:28:53.748 [info] > git show --textconv HEAD:.vscode-server/cli/servers/Stable-91fbdddc47bc9c09064bf7acf133d22631cbf083/server/extensions/markdown-math/notebook-out/fonts/KaTeX_Main-BoldItalic.woff2 [5678ms]
2025-01-29 15:28:53.752 [info] > git show --textconv HEAD:.vscode-server/cli/servers/Stable-91fbdddc47bc9c09064bf7acf133d22631cbf083/server/extensions/markdown-math/notebook-out/fonts/KaTeX_Main-Italic.woff2 [5671ms]
2025-01-29 15:28:53.752 [info] > git show --textconv HEAD:.vscode-server/cli/servers/Stable-91fbdddc47bc9c09064bf7acf133d22631cbf083/server/extensions/markdown-math/notebook-out/fonts/KaTeX_Main-Regular.woff2 [5662ms]
2025-01-29 15:28:53.753 [info] > git show --textconv HEAD:.vscode-server/cli/servers/Stable-91fbdddc47bc9c09064bf7acf133d22631cbf083/server/extensions/markdown-math/notebook-out/fonts/KaTeX_Math-BoldItalic.woff2 [5652ms]
2025-01-29 15:28:53.753 [info] > git show --textconv HEAD:.vscode-server/cli/servers/Stable-91fbdddc47bc9c09064bf7acf133d22631cbf083/server/extensions/markdown-math/notebook-out/fonts/KaTeX_Math-Italic.woff2 [5642ms]
2025-01-29 15:28:53.754 [info] > git show --textconv HEAD:.vscode-server/cli/servers/Stable-91fbdddc47bc9c09064bf7acf133d22631cbf083/server/extensions/markdown-math/notebook-out/fonts/KaTeX_SansSerif-Bold.woff2 [5636ms]
2025-01-29 15:28:53.755 [info] > git show --textconv HEAD:.vscode-server/cli/servers/Stable-91fbdddc47bc9c09064bf7acf133d22631cbf083/server/extensions/markdown-math/notebook-out/fonts/KaTeX_SansSerif-Italic.woff2 [5625ms]
2025-01-29 15:28:53.755 [info] > git show --textconv HEAD:.vscode-server/cli/servers/Stable-91fbdddc47bc9c09064bf7acf133d22631cbf083/server/extensions/markdown-math/notebook-out/fonts/KaTeX_SansSerif-Regular.woff2 [5612ms]
2025-01-29 15:28:53.755 [info] > git show --textconv HEAD:.vscode-server/cli/servers/Stable-91fbdddc47bc9c09064bf7acf133d22631cbf083/server/extensions/markdown-math/notebook-out/fonts/KaTeX_Script-Regular.woff2 [5597ms]
2025-01-29 15:28:53.757 [info] > git show --textconv HEAD:.vscode-server/cli/servers/Stable-91fbdddc47bc9c09064bf7acf133d22631cbf083/server/extensions/markdown-math/notebook-out/fonts/KaTeX_Size1-Regular.woff2 [5590ms]
2025-01-29 15:28:53.760 [info] > git show --textconv HEAD:.vscode-server/cli/servers/Stable-91fbdddc47bc9c09064bf7acf133d22631cbf083/server/extensions/markdown-math/notebook-out/fonts/KaTeX_Size2-Regular.woff2 [5584ms]
2025-01-29 15:28:53.760 [info] > git show --textconv HEAD:.vscode-server/cli/servers/Stable-91fbdddc47bc9c09064bf7acf133d22631cbf083/server/extensions/markdown-math/notebook-out/fonts/KaTeX_Size3-Regular.woff2 [5572ms]
2025-01-29 15:28:53.761 [info] > git show --textconv HEAD:.vscode-server/cli/servers/Stable-91fbdddc47bc9c09064bf7acf133d22631cbf083/server/extensions/markdown-math/notebook-out/fonts/KaTeX_Size4-Regular.woff2 [5560ms]
2025-01-29 15:28:53.761 [info] > git show --textconv HEAD:.vscode-server/cli/servers/Stable-91fbdddc47bc9c09064bf7acf133d22631cbf083/server/extensions/markdown-math/notebook-out/fonts/KaTeX_Typewriter-Regular.woff2 [5551ms]
2025-01-29 15:28:53.761 [info] > git show --textconv HEAD:.vscode-server/cli/servers/Stable-91fbdddc47bc9c09064bf7acf133d22631cbf083/server/extensions/markdown-math/preview-styles/index.css [5518ms]
2025-01-29 15:28:53.761 [info] > git show --textconv HEAD:.vscode-server/cli/servers/Stable-91fbdddc47bc9c09064bf7acf133d22631cbf083/server/extensions/markdown-math/syntaxes/md-math-block.tmLanguage.json [5500ms]
2025-01-29 15:28:53.762 [info] > git show --textconv HEAD:.vscode-server/cli/servers/Stable-91fbdddc47bc9c09064bf7acf133d22631cbf083/server/extensions/markdown-math/syntaxes/md-math-fence.tmLanguage.json [5486ms]
2025-01-29 15:28:53.766 [info] > git show --textconv HEAD:.vscode-server/cli/servers/Stable-91fbdddc47bc9c09064bf7acf133d22631cbf083/server/extensions/markdown-math/syntaxes/md-math-inline.tmLanguage.json [5458ms]
2025-01-29 15:28:53.767 [info] > git show --textconv HEAD:.vscode-server/cli/servers/Stable-91fbdddc47bc9c09064bf7acf133d22631cbf083/server/extensions/markdown-math/syntaxes/md-math.tmLanguage.json [5444ms]
2025-01-29 15:28:53.767 [info] > git show --textconv HEAD:.vscode-server/cli/servers/Stable-91fbdddc47bc9c09064bf7acf133d22631cbf083/server/extensions/media-preview/icon.png [5432ms]
2025-01-29 15:28:53.768 [info] > git show --textconv HEAD:.vscode-server/cli/servers/Stable-91fbdddc47bc9c09064bf7acf133d22631cbf083/server/extensions/media-preview/package.json [5421ms]
2025-01-29 15:28:53.768 [info] > git show --textconv HEAD:.vscode-server/cli/servers/Stable-91fbdddc47bc9c09064bf7acf133d22631cbf083/server/extensions/media-preview/package.nls.json [5408ms]
2025-01-29 15:28:53.769 [info] > git show --textconv HEAD:.vscode-server/cli/servers/Stable-91fbdddc47bc9c09064bf7acf133d22631cbf083/server/extensions/media-preview/README.md [5398ms]
2025-01-29 15:28:53.769 [info] > git show --textconv HEAD:.vscode-server/cli/servers/Stable-91fbdddc47bc9c09064bf7acf133d22631cbf083/server/extensions/media-preview/dist/extension.js [5388ms]
2025-01-29 15:28:53.769 [info] > git show --textconv HEAD:.vscode-server/cli/servers/Stable-91fbdddc47bc9c09064bf7acf133d22631cbf083/server/extensions/media-preview/media/audioPreview.css [5379ms]
2025-01-29 15:28:53.770 [info] > git show --textconv HEAD:.vscode-server/cli/servers/Stable-91fbdddc47bc9c09064bf7acf133d22631cbf083/server/extensions/media-preview/media/audioPreview.js [5372ms]
2025-01-29 15:28:53.774 [info] > git show --textconv HEAD:.vscode-server/cli/servers/Stable-91fbdddc47bc9c09064bf7acf133d22631cbf083/server/extensions/media-preview/media/imagePreview.css [5365ms]
2025-01-29 15:28:53.776 [info] > git show --textconv HEAD:.vscode-server/cli/servers/Stable-91fbdddc47bc9c09064bf7acf133d22631cbf083/server/extensions/media-preview/media/imagePreview.js [5356ms]
2025-01-29 15:28:53.780 [info] > git show --textconv HEAD:.vscode-server/cli/servers/Stable-91fbdddc47bc9c09064bf7acf133d22631cbf083/server/extensions/media-preview/media/loading-dark.svg [5349ms]
2025-01-29 15:28:53.780 [info] > git show --textconv HEAD:.vscode-server/cli/servers/Stable-91fbdddc47bc9c09064bf7acf133d22631cbf083/server/extensions/media-preview/media/loading-hc.svg [5333ms]
2025-01-29 15:28:53.781 [info] > git show --textconv HEAD:.vscode-server/cli/servers/Stable-91fbdddc47bc9c09064bf7acf133d22631cbf083/server/extensions/media-preview/media/loading.svg [5322ms]
2025-01-29 15:28:53.784 [info] > git show --textconv HEAD:.vscode-server/cli/servers/Stable-91fbdddc47bc9c09064bf7acf133d22631cbf083/server/extensions/media-preview/media/videoPreview.css [5318ms]
2025-01-29 15:28:53.784 [info] > git show --textconv HEAD:.vscode-server/cli/servers/Stable-91fbdddc47bc9c09064bf7acf133d22631cbf083/server/extensions/media-preview/media/videoPreview.js [5307ms]
2025-01-29 15:28:53.785 [info] > git show --textconv HEAD:.vscode-server/cli/servers/Stable-91fbdddc47bc9c09064bf7acf133d22631cbf083/server/extensions/merge-conflict/package.json [5274ms]
2025-01-29 15:28:53.785 [info] > git show --textconv HEAD:.vscode-server/cli/servers/Stable-91fbdddc47bc9c09064bf7acf133d22631cbf083/server/extensions/merge-conflict/package.nls.json [5263ms]
2025-01-29 15:28:53.786 [info] > git show --textconv HEAD:.vscode-server/cli/servers/Stable-91fbdddc47bc9c09064bf7acf133d22631cbf083/server/extensions/merge-conflict/README.md [5248ms]
2025-01-29 15:28:53.786 [info] > git show --textconv HEAD:.vscode-server/cli/servers/Stable-91fbdddc47bc9c09064bf7acf133d22631cbf083/server/extensions/merge-conflict/dist/mergeConflictMain.js [5233ms]
2025-01-29 15:28:53.788 [info] > git show --textconv HEAD:.vscode-server/cli/servers/Stable-91fbdddc47bc9c09064bf7acf133d22631cbf083/server/extensions/merge-conflict/media/icon.png [5228ms]
2025-01-29 15:28:53.788 [info] > git show --textconv HEAD:.vscode-server/cli/servers/Stable-91fbdddc47bc9c09064bf7acf133d22631cbf083/server/extensions/microsoft-authentication/package.json [5218ms]
2025-01-29 15:28:53.789 [info] > git show --textconv HEAD:.vscode-server/cli/servers/Stable-91fbdddc47bc9c09064bf7acf133d22631cbf083/server/extensions/microsoft-authentication/package.nls.json [5207ms]
2025-01-29 15:28:53.789 [info] > git show --textconv HEAD:.vscode-server/cli/servers/Stable-91fbdddc47bc9c09064bf7acf133d22631cbf083/server/extensions/microsoft-authentication/README.md [5199ms]
2025-01-29 15:28:53.789 [info] > git show --textconv HEAD:.vscode-server/cli/servers/Stable-91fbdddc47bc9c09064bf7acf133d22631cbf083/server/extensions/microsoft-authentication/dist/extension.js [5184ms]
2025-01-29 15:28:53.792 [info] > git show --textconv HEAD:.vscode-server/cli/servers/Stable-91fbdddc47bc9c09064bf7acf133d22631cbf083/server/extensions/microsoft-authentication/dist/extension.js.LICENSE.txt [5176ms]
2025-01-29 15:28:53.796 [info] > git show --textconv HEAD:.vscode-server/cli/servers/Stable-91fbdddc47bc9c09064bf7acf133d22631cbf083/server/extensions/microsoft-authentication/media/auth.css [5168ms]
2025-01-29 15:28:53.796 [info] > git show --textconv HEAD:.vscode-server/cli/servers/Stable-91fbdddc47bc9c09064bf7acf133d22631cbf083/server/extensions/microsoft-authentication/media/favicon.ico [5157ms]
2025-01-29 15:28:53.797 [info] > git show --textconv HEAD:.vscode-server/cli/servers/Stable-91fbdddc47bc9c09064bf7acf133d22631cbf083/server/extensions/microsoft-authentication/media/icon.png [5144ms]
2025-01-29 15:28:53.797 [info] > git show --textconv HEAD:.vscode-server/cli/servers/Stable-91fbdddc47bc9c09064bf7acf133d22631cbf083/server/extensions/microsoft-authentication/media/index.html [5122ms]
2025-01-29 15:28:53.799 [info] > git show --textconv HEAD:.vscode-server/cli/servers/Stable-91fbdddc47bc9c09064bf7acf133d22631cbf083/server/extensions/ms-vscode.js-debug/LICENSE.txt [5110ms]
2025-01-29 15:28:53.799 [info] > git show --textconv HEAD:.vscode-server/cli/servers/Stable-91fbdddc47bc9c09064bf7acf133d22631cbf083/server/extensions/ms-vscode.js-debug/package.json [5098ms]
2025-01-29 15:28:53.800 [info] > git show --textconv HEAD:.vscode-server/cli/servers/Stable-91fbdddc47bc9c09064bf7acf133d22631cbf083/server/extensions/ms-vscode.js-debug/package.nls.json [5089ms]
2025-01-29 15:28:53.800 [info] > git show --textconv HEAD:.vscode-server/cli/servers/Stable-91fbdddc47bc9c09064bf7acf133d22631cbf083/server/extensions/ms-vscode.js-debug/readme.md [5078ms]
2025-01-29 15:28:53.801 [info] > git show --textconv HEAD:.vscode-server/cli/servers/Stable-91fbdddc47bc9c09064bf7acf133d22631cbf083/server/extensions/ms-vscode.js-debug/ThirdPartyNotices.txt [5065ms]
2025-01-29 15:28:53.804 [info] > git show --textconv HEAD:.vscode-server/cli/servers/Stable-91fbdddc47bc9c09064bf7acf133d22631cbf083/server/extensions/ms-vscode.js-debug/resources/logo.png [5059ms]
2025-01-29 15:28:53.812 [info] > git show --textconv HEAD:.vscode-server/cli/servers/Stable-91fbdddc47bc9c09064bf7acf133d22631cbf083/server/extensions/ms-vscode.js-debug/resources/logo.svg [5031ms]
2025-01-29 15:28:53.812 [info] > git show --textconv HEAD:.vscode-server/cli/servers/Stable-91fbdddc47bc9c09064bf7acf133d22631cbf083/server/extensions/ms-vscode.js-debug/resources/dark/configure.svg [5020ms]
2025-01-29 15:28:53.812 [info] > git show --textconv HEAD:.vscode-server/cli/servers/Stable-91fbdddc47bc9c09064bf7acf133d22631cbf083/server/extensions/ms-vscode.js-debug/resources/dark/connect.svg [5006ms]
2025-01-29 15:28:53.813 [info] > git show --textconv HEAD:.vscode-server/cli/servers/Stable-91fbdddc47bc9c09064bf7acf133d22631cbf083/server/extensions/ms-vscode.js-debug/resources/dark/disconnect.svg [4996ms]
2025-01-29 15:28:53.813 [info] > git show --textconv HEAD:.vscode-server/cli/servers/Stable-91fbdddc47bc9c09064bf7acf133d22631cbf083/server/extensions/ms-vscode.js-debug/resources/dark/node.svg [4984ms]
2025-01-29 15:28:53.813 [info] > git show --textconv HEAD:.vscode-server/cli/servers/Stable-91fbdddc47bc9c09064bf7acf133d22631cbf083/server/extensions/ms-vscode.js-debug/resources/dark/open-file.svg [4975ms]
2025-01-29 15:28:53.816 [info] > git show --textconv HEAD:.vscode-server/cli/servers/Stable-91fbdddc47bc9c09064bf7acf133d22631cbf083/server/extensions/ms-vscode.js-debug/resources/dark/page.svg [4904ms]
2025-01-29 15:28:53.816 [info] > git show --textconv HEAD:.vscode-server/cli/servers/Stable-91fbdddc47bc9c09064bf7acf133d22631cbf083/server/extensions/ms-vscode.js-debug/resources/dark/pause.svg [4889ms]
2025-01-29 15:28:53.817 [info] > git show --textconv HEAD:.vscode-server/cli/servers/Stable-91fbdddc47bc9c09064bf7acf133d22631cbf083/server/extensions/ms-vscode.js-debug/resources/dark/restart.svg [4879ms]
2025-01-29 15:28:53.817 [info] > git show --textconv HEAD:.vscode-server/cli/servers/Stable-91fbdddc47bc9c09064bf7acf133d22631cbf083/server/extensions/ms-vscode.js-debug/resources/dark/resume.svg [4867ms]
2025-01-29 15:28:53.817 [info] > git show --textconv HEAD:.vscode-server/cli/servers/Stable-91fbdddc47bc9c09064bf7acf133d22631cbf083/server/extensions/ms-vscode.js-debug/resources/dark/service-worker.svg [4853ms]
2025-01-29 15:28:53.817 [info] > git show --textconv HEAD:.vscode-server/cli/servers/Stable-91fbdddc47bc9c09064bf7acf133d22631cbf083/server/extensions/ms-vscode.js-debug/resources/dark/stop-profiling.svg [4841ms]
2025-01-29 15:28:53.818 [info] > git show --textconv HEAD:.vscode-server/cli/servers/Stable-91fbdddc47bc9c09064bf7acf133d22631cbf083/server/extensions/ms-vscode.js-debug/resources/dark/stop.svg [4821ms]
2025-01-29 15:28:53.818 [info] > git show --textconv HEAD:.vscode-server/cli/servers/Stable-91fbdddc47bc9c09064bf7acf133d22631cbf083/server/extensions/ms-vscode.js-debug/resources/dark/worker.svg [4812ms]
2025-01-29 15:28:53.818 [info] > git show --textconv HEAD:.vscode-server/cli/servers/Stable-91fbdddc47bc9c09064bf7acf133d22631cbf083/server/extensions/ms-vscode.js-debug/resources/light/configure.svg [4799ms]
2025-01-29 15:28:53.819 [info] > git show --textconv HEAD:.vscode-server/cli/servers/Stable-91fbdddc47bc9c09064bf7acf133d22631cbf083/server/extensions/ms-vscode.js-debug/resources/light/connect.svg [4766ms]
2025-01-29 15:28:53.819 [info] > git show --textconv HEAD:.vscode-server/cli/servers/Stable-91fbdddc47bc9c09064bf7acf133d22631cbf083/server/extensions/ms-vscode.js-debug/resources/light/disconnect.svg [4751ms]
2025-01-29 15:28:53.819 [info] > git show --textconv HEAD:.vscode-server/cli/servers/Stable-91fbdddc47bc9c09064bf7acf133d22631cbf083/server/extensions/ms-vscode.js-debug/resources/light/node.svg [4714ms]
2025-01-29 15:28:53.820 [info] > git show --textconv HEAD:.vscode-server/cli/servers/Stable-91fbdddc47bc9c09064bf7acf133d22631cbf083/server/extensions/ms-vscode.js-debug/resources/light/open-file.svg [4643ms]
2025-01-29 15:28:53.820 [info] > git show --textconv HEAD:.vscode-server/cli/servers/Stable-91fbdddc47bc9c09064bf7acf133d22631cbf083/server/extensions/ms-vscode.js-debug/resources/light/page.svg [4605ms]
2025-01-29 15:28:53.822 [info] > git show --textconv HEAD:.vscode-server/cli/servers/Stable-91fbdddc47bc9c09064bf7acf133d22631cbf083/server/extensions/ms-vscode.js-debug/resources/light/pause.svg [4586ms]
2025-01-29 15:28:53.822 [info] > git show --textconv HEAD:.vscode-server/cli/servers/Stable-91fbdddc47bc9c09064bf7acf133d22631cbf083/server/extensions/ms-vscode.js-debug/resources/light/restart.svg [4532ms]
2025-01-29 15:28:53.822 [info] > git show --textconv HEAD:.vscode-server/cli/servers/Stable-91fbdddc47bc9c09064bf7acf133d22631cbf083/server/extensions/ms-vscode.js-debug/resources/light/resume.svg [4384ms]
2025-01-29 15:28:53.835 [info] > git show --textconv HEAD:.vscode-server/cli/servers/Stable-91fbdddc47bc9c09064bf7acf133d22631cbf083/server/extensions/ms-vscode.js-debug/resources/light/service-worker.svg [4348ms]
2025-01-29 15:28:53.836 [info] > git show --textconv HEAD:.vscode-server/cli/servers/Stable-91fbdddc47bc9c09064bf7acf133d22631cbf083/server/extensions/ms-vscode.js-debug/resources/light/stop.svg [4342ms]
2025-01-29 15:28:53.836 [info] > git show --textconv HEAD:.vscode-server/cli/servers/Stable-91fbdddc47bc9c09064bf7acf133d22631cbf083/server/extensions/ms-vscode.js-debug/resources/light/worker.svg [4304ms]
2025-01-29 15:28:53.836 [info] > git show --textconv HEAD:.vscode-server/cli/servers/Stable-91fbdddc47bc9c09064bf7acf133d22631cbf083/server/extensions/ms-vscode.js-debug/resources/readme/auto-attach.png [4283ms]
2025-01-29 15:28:53.837 [info] > git show --textconv HEAD:.vscode-server/cli/servers/Stable-91fbdddc47bc9c09064bf7acf133d22631cbf083/server/extensions/ms-vscode.js-debug/resources/readme/conditional-exception-breakpoints.png [4262ms]
2025-01-29 15:28:53.840 [info] > git show --textconv HEAD:.vscode-server/cli/servers/Stable-91fbdddc47bc9c09064bf7acf133d22631cbf083/server/extensions/ms-vscode.js-debug/resources/readme/exclude-caller.png [4248ms]
2025-01-29 15:28:53.840 [info] > git show --textconv HEAD:.vscode-server/cli/servers/Stable-91fbdddc47bc9c09064bf7acf133d22631cbf083/server/extensions/ms-vscode.js-debug/resources/readme/flame-chart.png [4222ms]
2025-01-29 15:28:53.841 [info] > git show --textconv HEAD:.vscode-server/cli/servers/Stable-91fbdddc47bc9c09064bf7acf133d22631cbf083/server/extensions/ms-vscode.js-debug/resources/readme/instrumentation-breakpoints.png [4178ms]
2025-01-29 15:28:53.844 [info] > git show --textconv HEAD:.vscode-server/cli/servers/Stable-91fbdddc47bc9c09064bf7acf133d22631cbf083/server/extensions/ms-vscode.js-debug/resources/readme/instrumentation-breakpoints2.png [4170ms]
2025-01-29 15:28:53.845 [info] > git show --textconv HEAD:.vscode-server/cli/servers/Stable-91fbdddc47bc9c09064bf7acf133d22631cbf083/server/extensions/ms-vscode.js-debug/resources/readme/logo-with-text.png [4163ms]
2025-01-29 15:28:53.847 [info] > git show --textconv HEAD:.vscode-server/cli/servers/Stable-91fbdddc47bc9c09064bf7acf133d22631cbf083/server/extensions/ms-vscode.js-debug/resources/readme/network-view.png [4160ms]
2025-01-29 15:28:53.848 [info] > git show --textconv HEAD:.vscode-server/cli/servers/Stable-91fbdddc47bc9c09064bf7acf133d22631cbf083/server/extensions/ms-vscode.js-debug/resources/readme/pretty-print.png [4153ms]
2025-01-29 15:28:53.849 [info] > git show --textconv HEAD:.vscode-server/cli/servers/Stable-91fbdddc47bc9c09064bf7acf133d22631cbf083/server/extensions/ms-vscode.js-debug/resources/readme/returnvalue.png [4147ms]
2025-01-29 15:28:53.852 [info] > git show --textconv HEAD:.vscode-server/cli/servers/Stable-91fbdddc47bc9c09064bf7acf133d22631cbf083/server/extensions/ms-vscode.js-debug/resources/readme/top-level-await.png [4138ms]
2025-01-29 15:28:53.852 [info] > git show --textconv HEAD:.vscode-server/cli/servers/Stable-91fbdddc47bc9c09064bf7acf133d22631cbf083/server/extensions/ms-vscode.js-debug/resources/readme/wasm-dwarf.png [4097ms]
2025-01-29 15:28:53.853 [info] > git show --textconv HEAD:.vscode-server/cli/servers/Stable-91fbdddc47bc9c09064bf7acf133d22631cbf083/server/extensions/ms-vscode.js-debug/resources/readme/web-worker.png [4066ms]
2025-01-29 15:28:53.854 [info] > git show --textconv HEAD:.vscode-server/cli/servers/Stable-91fbdddc47bc9c09064bf7acf133d22631cbf083/server/extensions/ms-vscode.js-debug/resources/readme/webview2.png [4003ms]
2025-01-29 15:28:53.854 [info] > git show --textconv HEAD:.vscode-server/cli/servers/Stable-91fbdddc47bc9c09064bf7acf133d22631cbf083/server/extensions/ms-vscode.js-debug/src/bootloader.js [3983ms]
2025-01-29 15:28:53.855 [info] > git show --textconv HEAD:.vscode-server/cli/servers/Stable-91fbdddc47bc9c09064bf7acf133d22631cbf083/server/extensions/ms-vscode.js-debug/src/chromehash_bg.wasm [3946ms]
2025-01-29 15:28:53.855 [info] > git show --textconv HEAD:.vscode-server/cli/servers/Stable-91fbdddc47bc9c09064bf7acf133d22631cbf083/server/extensions/ms-vscode.js-debug/src/diagnosticTool.css [3905ms]
2025-01-29 15:28:53.855 [info] > git show --textconv HEAD:.vscode-server/cli/servers/Stable-91fbdddc47bc9c09064bf7acf133d22631cbf083/server/extensions/ms-vscode.js-debug/src/diagnosticTool.js [3876ms]
2025-01-29 15:28:53.855 [info] > git show --textconv HEAD:.vscode-server/cli/servers/Stable-91fbdddc47bc9c09064bf7acf133d22631cbf083/server/extensions/ms-vscode.js-debug/src/extension.js [3856ms]
2025-01-29 15:28:53.856 [info] > git show --textconv HEAD:.vscode-server/cli/servers/Stable-91fbdddc47bc9c09064bf7acf133d22631cbf083/server/extensions/ms-vscode.js-debug/src/hash.js [3828ms]
2025-01-29 15:28:53.856 [info] > git show --textconv HEAD:.vscode-server/cli/servers/Stable-91fbdddc47bc9c09064bf7acf133d22631cbf083/server/extensions/ms-vscode.js-debug/src/renameWorker.js [3810ms]
2025-01-29 15:28:53.856 [info] > git show --textconv HEAD:.vscode-server/cli/servers/Stable-91fbdddc47bc9c09064bf7acf133d22631cbf083/server/extensions/ms-vscode.js-debug/src/w32appcontainertokens-LVKSWXR7.node [3781ms]
2025-01-29 15:28:53.857 [info] > git show --textconv HEAD:.vscode-server/cli/servers/Stable-91fbdddc47bc9c09064bf7acf133d22631cbf083/server/extensions/ms-vscode.js-debug/src/watchdog.js [3755ms]
2025-01-29 15:28:53.858 [info] > git show --textconv HEAD:.vscode-server/cli/servers/Stable-91fbdddc47bc9c09064bf7acf133d22631cbf083/server/extensions/ms-vscode.js-debug/src/targets/node/terminateProcess.sh [3749ms]
2025-01-29 15:28:53.859 [info] > git show --textconv HEAD:.vscode-server/cli/servers/Stable-91fbdddc47bc9c09064bf7acf133d22631cbf083/server/extensions/ms-vscode.js-debug/src/ui/basic-wat.tmLanguage.json [3712ms]
2025-01-29 15:28:53.859 [info] > git show --textconv HEAD:.vscode-server/cli/servers/Stable-91fbdddc47bc9c09064bf7acf133d22631cbf083/server/extensions/ms-vscode.js-debug/src/vendor/acorn-loose.js [3701ms]
2025-01-29 15:28:53.860 [info] > git show --textconv HEAD:.vscode-server/cli/servers/Stable-91fbdddc47bc9c09064bf7acf133d22631cbf083/server/extensions/ms-vscode.js-debug/src/vendor/acorn.js [3630ms]
2025-01-29 15:28:53.860 [info] > git show --textconv HEAD:.vscode-server/cli/servers/Stable-91fbdddc47bc9c09064bf7acf133d22631cbf083/server/extensions/ms-vscode.js-debug-companion/ci.yml [3607ms]
2025-01-29 15:28:53.861 [info] > git show --textconv HEAD:.vscode-server/cli/servers/Stable-91fbdddc47bc9c09064bf7acf133d22631cbf083/server/extensions/ms-vscode.js-debug-companion/eslint.config.mjs [3581ms]
2025-01-29 15:28:53.861 [info] > git show --textconv HEAD:.vscode-server/cli/servers/Stable-91fbdddc47bc9c09064bf7acf133d22631cbf083/server/extensions/ms-vscode.js-debug-companion/LICENSE.txt [3555ms]
2025-01-29 15:28:53.862 [info] > git show --textconv HEAD:.vscode-server/cli/servers/Stable-91fbdddc47bc9c09064bf7acf133d22631cbf083/server/extensions/ms-vscode.js-debug-companion/package.json [3540ms]
